Workbook

Sheet 학술지정보
C2: Updated : | D2: 2025.01.22
C3: 학술지판정 및 IF, ES 산출기준 : | D3: JCR 기준 / | E3: 2023 | F3: 년도
C4: JCR link : | D4: https://jcr.clarivate.com/JCRLandingPageAction.action
C5: 보정 IF, 보정 ES link : | D5: http://bkplus.nrf.re.kr/bkms
C6: 산정기준 : | D6: 1) JIF Percentile이 높을수록, 2) Category에서 더 높은 rating으로 선정
C7: 1 | D7: 2 | E7: 3 | F7: 4 | G7: 5 | H7: 6 | I7: 7 | J7: 8 | K7: 9 | L7: 10 | M7: 11 | N7: 12 | O7: 13
A8: Scopus 등재 여부 | B8: 번호 | C8: 학술지명 | D8: 논문구분 | E8: ISSN | F8: ISBN | G8: e-ISSN | H8: Categories | I8: N of Rank | J8: R of Rank | K8: JIF Percentile(%) | L8: Top xx% | M8: Rating | N8: IF | O8: ES | Q8: No. | R8: Categories | S8: # of Journal : | T8: 20% of Journal :
A9: ㅇ | B9: 1 | C9: Bulletin of Earthquake Engineering | D9: SCI(E) | E9: 1570-761X | G9: 1573-1456 | H9: Geosciences, Multidisciplinary | I9: =INDEX($R$9:$T$20,MATCH($H9,$R$9:$R$20,0),2) -> 254 | J9: 50 | K9: 80.5 | L9: =100-K9 -> 19.5 | M9: =IF(L9<25,"Q1",IF(L9<50,"Q2",IF(L9<75,"Q3","Q4"))) -> Q1 | N9: =2040/539 -> 3.7847866 | O9: 0.00883 | Q9: 1 | R9: Engineering, Geological | S9: 63 | T9: =ROUNDDOWN(S9*0.2,0) -> 12
A10: ㅇ | B10: =B9+1 -> 2 | C10: Soil Dynamics and Earthquake Engineering | D10: SCI(E) | E10: 0267-7261 | G10: 1879-341X | H10: Geosciences, Multidisciplinary | I10: =INDEX($R$9:$T$20,MATCH($H10,$R$9:$R$20,0),2) -> 254 | J10: 34 | K10: 86.8 | L10: =100-K10 -> 13.2 | M10: =IF(L10<25,"Q1",IF(L10<50,"Q2",IF(L10<75,"Q3","Q4"))) -> Q1 | N10: =4534/1085 -> 4.1788018 | O10: 0.01773 | Q10: 2 | R10: Engineering, Civil | S10: 182 | T10: =ROUNDDOWN(S10*0.2,0) -> 36
A11: ㅇ | B11: =B10+1 -> 3 | C11: Ocean Engineering | D11: SCI(E) | E11: 0029-8018 | G11: 1873-5258 | H11: Oceanography | I11: =INDEX($R$9:$T$20,MATCH($H11,$R$9:$R$20,0),2) -> 65 | J11: 4 | K11: 94.6 | L11: =100-K11 -> 5.4 | M11: =IF(L11<25,"Q1",IF(L11<50,"Q2",IF(L11<75,"Q3","Q4"))) -> Q1 | N11: =19648/4309 -> 4.5597586 | O11: 0.04254 | Q11: 3 | R11: Geochemistry & Geophysics | S11: 101 | T11: =ROUNDDOWN(S11*0.2,0) -> 20
A12: ㅇ | B12: =B11+1 -> 4 | C12: Tunnelling and Underground Space Technology | D12: SCI(E) | E12: 0886-7798 | G12: 1878-4364 | H12: Engineering, Civil | I12: =INDEX($R$9:$T$20,MATCH($H12,$R$9:$R$20,0),2) -> 182 | J12: 9 | K12: 95.3 | L12: =100-K12 -> 4.7 | M12: =IF(L12<25,"Q1",IF(L12<50,"Q2",IF(L12<75,"Q3","Q4"))) -> Q1 | N12: =6898/1036 -> 6.6583012 | O12: 0.02221 | Q12: 4 | R12: Physics, Applied | S12: 148 | T12: =ROUNDDOWN(S12*0.2,0) -> 29
A13: ㅇ | B13: =B12+1 -> 5 | C13: Bulletin of the Seismological Society of America | D13: SCI(E) | E13: 0037-1106 | G13: 1943-3573 | H13: Geochemistry & Geophysics | I13: =INDEX($R$9:$T$20,MATCH($H13,$R$9:$R$20,0),2) -> 101 | J13: 35 | K13: 65.8 | L13: =100-K13 -> 34.2 | M13: =IF(L13<25,"Q1",IF(L13<50,"Q2",IF(L13<75,"Q3","Q4"))) -> Q2 | N13: =1020/385 -> 2.6493506 | O13: 0.00845 | Q13: 5 | R13: Engineering, Ocean | S13: 14 | T13: =ROUNDDOWN(S13*0.2,0) -> 2
A14: ㅇ | B14: =B13+1 -> 6 | C14: Rock Mechanics and Rock Engineering | D14: SCI(E) | E14: 0723-2632 | G14: 1434-453X | H14: Geosciences, Multidisciplinary | I14: =INDEX($R$9:$T$20,MATCH($H14,$R$9:$R$20,0),2) -> 254 | J14: 23 | K14: 91.1 | L14: =100-K14 -> 8.9 | M14: =IF(L14<25,"Q1",IF(L14<50,"Q2",IF(L14<75,"Q3","Q4"))) -> Q1 | N14: =4647/850 -> 5.4670588 | O14: 0.01961 | Q14: 6 | R14: Geosciences, Multidisciplinary | S14: 254 | T14: =ROUNDDOWN(S14*0.2,0) -> 50
A15: ㅇ | B15: =B14+1 -> 7 | C15: Journal of Geotechnical and Geoenvironmental Engineering | D15: SCI(E) | E15: 1090-0241 | G15: 1943-5606 | H15: Geosciences, Multidisciplinary | I15: =INDEX($R$9:$T$20,MATCH($H15,$R$9:$R$20,0),2) -> 254 | J15: 45 | K15: 82.5 | L15: =100-K15 -> 17.5 | M15: =IF(L15<25,"Q1",IF(L15<50,"Q2",IF(L15<75,"Q3","Q4"))) -> Q1 | N15: =1629/418 -> 3.8971292 | O15: 0.00834 | Q15: 7 | R15: Oceanography | S15: 65 | T15: =ROUNDDOWN(S15*0.2,0) -> 13
A16: ㅇ | B16: =B15+1 -> 8 | C16: Applied Sciences-Basel | D16: SCI(E) | E16: - | G16: 2076-3417 | H16: Engineering, Multidisciplinary | I16: =INDEX($R$9:$T$20,MATCH($H16,$R$9:$R$20,0),2) -> 181 | J16: 44 | K16: 76 | L16: =100-K16 -> 24 | M16: =IF(L16<25,"Q1",IF(L16<50,"Q2",IF(L16<75,"Q3","Q4"))) -> Q1 | N16: =60716/24763 -> 2.4518839 | O16: 0.11103 | Q16: 8 | R16: Construction & Building Technology | S16: 92 | T16: =ROUNDDOWN(S16*0.2,0) -> 18
A17: ㅇ | B17: =B16+1 -> 9 | C17: KSCE Journal of Civil Engineering | D17: SCI(E) | E17: 1226-7988 | G17: 1976-3808 | H17: Engineering, Civil | I17: =INDEX($R$9:$T$20,MATCH($H17,$R$9:$R$20,0),2) -> 182 | J17: 91 | K17: 50.3 | L17: =100-K17 -> 49.7 | M17: =IF(L17<25,"Q1",IF(L17<50,"Q2",IF(L17<75,"Q3","Q4"))) -> Q2 | N17: =1601/838 -> 1.9105012 | O17: 0.00712 | Q17: 9 | R17: Engineering, Multidisciplinary | S17: 181 | T17: =ROUNDDOWN(S17*0.2,0) -> 36
A18: ㅇ | B18: =B17+1 -> 10 | C18: Engineering Structures | D18: SCI(E) | E18: 0141-0296 | G18: 1873-7323 | H18: Engineering, Civil | I18: =INDEX($R$9:$T$20,MATCH($H18,$R$9:$R$20,0),2) -> 182 | J18: 18 | K18: 90.4 | L18: =100-K18 -> 9.6 | M18: =IF(L18<25,"Q1",IF(L18<50,"Q2",IF(L18<75,"Q3","Q4"))) -> Q1 | N18: =19364/3484 -> 5.5579793 | O18: 0.05699 | Q18: 10 | R18: Engineering, Mechanical | S18: 183 | T18: =ROUNDDOWN(S18*0.2,0) -> 36
A19: ㅇ | B19: =B18+1 -> 11 | C19: Geomechanics and Engineering | D19: SCI(E) | E19: 2005-307X | G19: 2092-6219 | H19: Engineering, Civil | I19: =INDEX($R$9:$T$20,MATCH($H19,$R$9:$R$20,0),2) -> 182 | J19: 70 | K19: 61.8 | L19: =100-K19 -> 38.2 | M19: =IF(L19<25,"Q1",IF(L19<50,"Q2",IF(L19<75,"Q3","Q4"))) -> Q2 | N19: =961/390 -> 2.4641026 | O19: 0.00277 | Q19: 11 | R19: GEOGRAPHY, PHYSICAL | S19: 50 | T19: =ROUNDDOWN(S19*0.2,0) -> 10
A20: ㅇ | B20: =B19+1 -> 12 | C20: Engineering Computations | D20: SCI(E) | E20: 0264-4401 | G20: 1758-7077 | H20: Engineering, Multidisciplinary | I20: =INDEX($R$9:$T$20,MATCH($H20,$R$9:$R$20,0),2) -> 181 | J20: 75 | K20: 58.8 | L20: =100-K20 -> 41.2 | M20: =IF(L20<25,"Q1",IF(L20<50,"Q2",IF(L20<75,"Q3","Q4"))) -> Q2 | N20: =321/215 -> 1.4930233 | O20: 0.00182 | Q20: 12 | R20: CONSTRUCTION & BUILDING TECHNOLOGY | S20: 92 | T20: =ROUNDDOWN(S20*0.2,0) -> 18
A21: ㅇ | B21: =B20+1 -> 13 | C21: Earthquake Spectra | D21: SCI(E) | E21: 8755-2930 | G21: 1944-8201 | H21: Engineering, Civil | I21: =INDEX($R$9:$T$20,MATCH($H21,$R$9:$R$20,0),2) -> 182 | J21: 51 | K21: 72.3 | L21: =100-K21 -> 27.7 | M21: =IF(L21<25,"Q1",IF(L21<50,"Q2",IF(L21<75,"Q3","Q4"))) -> Q2 | N21: =754/240 -> 3.1416667 | O21: 0.00389
A22: ㅇ | B22: =B21+1 -> 14 | C22: Earthquake Engineering & Structural Dynamics | D22: SCI(E) | E22: 0098-8847 | G22: 1096-9845 | H22: Engineering, Civil | I22: =INDEX($R$9:$T$20,MATCH($H22,$R$9:$R$20,0),2) -> 182 | J22: 26 | K22: 86 | L22: =100-K22 -> 14 | M22: =IF(L22<25,"Q1",IF(L22<50,"Q2",IF(L22<75,"Q3","Q4"))) -> Q1 | N22: =1526/358 -> 4.2625698 | O22: 0.00601
A23: ㅇ | B23: =B22+1 -> 15 | C23: Transportation Geotechnics | D23: SCI(E) | E23: 2214-3912 | G23: 2214-3912 | H23: Engineering, Civil | I23: =INDEX($R$9:$T$20,MATCH($H23,$R$9:$R$20,0),2) -> 182 | J23: 20 | K23: 89.3 | L23: =100-K23 -> 10.7 | M23: =IF(L23<25,"Q1",IF(L23<50,"Q2",IF(L23<75,"Q3","Q4"))) -> Q1 | N23: =2345/479 -> 4.8956159 | O23: 0.00569
A24: ㅇ | B24: =B23+1 -> 16 | C24: Journal of Earthquake Engineering | D24: SCI(E) | E24: 1363-2469 | G24: 1559-808X | H24: Engineering, Civil | I24: =INDEX($R$9:$T$20,MATCH($H24,$R$9:$R$20,0),2) -> 182 | J24: 70 | K24: 61.8 | L24: =100-K24 -> 38.2 | M24: =IF(L24<25,"Q1",IF(L24<50,"Q2",IF(L24<75,"Q3","Q4"))) -> Q2 | N24: =1213/483 -> 2.5113872 | O24: 0.00445
A25: ㅇ | B25: =B24+1 -> 17 | C25: Structures | D25: SCI(E) | E25: 2352-0124 | G25: 2352-0124 | H25: Engineering, Civil | I25: =INDEX($R$9:$T$20,MATCH($H25,$R$9:$R$20,0),2) -> 182 | J25: 35 | K25: 81 | L25: =100-K25 -> 19 | M25: =IF(L25<25,"Q1",IF(L25<50,"Q2",IF(L25<75,"Q3","Q4"))) -> Q1 | N25: =10190/2637 -> 3.8642397 | O25: 0.01888
A26: ㅇ | B26: =B25+1 -> 18 | C26: Structure and Infrastructure Engineering | D26: SCI(E) | E26: 1573-2479 | G26: 1744-8980 | H26: Engineering, Mechanical | I26: =INDEX($R$9:$T$20,MATCH($H26,$R$9:$R$20,0),2) -> 183 | J26: 64 | K26: 65.3 | L26: =100-K26 -> 34.7 | M26: =IF(L26<25,"Q1",IF(L26<50,"Q2",IF(L26<75,"Q3","Q4"))) -> Q2 | N26: =693/267 -> 2.5955056 | O26: 0.00428
A27: ㅇ | B27: =B26+1 -> 19 | C27: Computers and Geotechnics | D27: SCI(E) | E27: 0266-352X | G27: 1873-7633 | H27: Geosciences, Multidisciplinary | I27: =INDEX($R$9:$T$20,MATCH($H27,$R$9:$R$20,0),2) -> 254 | J27: 26 | K27: 90 | L27: =100-K27 -> 10 | M27: =IF(L27<25,"Q1",IF(L27<50,"Q2",IF(L27<75,"Q3","Q4"))) -> Q1 | N27: =5437/1032 -> 5.2684109 | O27: 0.01988
A28: ㅇ | B28: =B27+1 -> 20 | C28: Geomatics Natural Hazards & Risk | D28: SCI(E) | E28: 1947-5705 | G28: 1947-5713 | H28: Geosciences, Multidisciplinary | I28: =INDEX($R$9:$T$20,MATCH($H28,$R$9:$R$20,0),2) -> 254 | J28: 32 | K28: 87.6 | L28: =100-K28 -> 12.4 | M28: =IF(L28<25,"Q1",IF(L28<50,"Q2",IF(L28<75,"Q3","Q4"))) -> Q1 | N28: =1216/271 -> 4.4870849 | O28: 0.00384
A29: ㅇ | B29: =B28+1 -> 21 | C29: Engineering Geology | D29: SCI(E) | E29: 0013-7952 | G29: 1872-6917 | H29: Engineering, Geological | I29: =INDEX($R$9:$T$20,MATCH($H29,$R$9:$R$20,0),2) -> 63 | J29: 3 | K29: 96 | L29: =100-K29 -> 4 | M29: =IF(L29<25,"Q1",IF(L29<50,"Q2",IF(L29<75,"Q3","Q4"))) -> Q1 | N29: =5447/790 -> 6.8949367 | O29: 0.02439
A30: ㅇ | B30: =B29+1 -> 22 | C30: Canadian geotechnical journal | D30: SCI(E) | E30: 0008-3674 | G30: 1208-6010 | H30: Geosciences, Multidisciplinary | I30: =INDEX($R$9:$T$20,MATCH($H30,$R$9:$R$20,0),2) -> 254 | J30: 75 | K30: 70.7 | L30: =100-K30 -> 29.3 | M30: =IF(L30<25,"Q1",IF(L30<50,"Q2",IF(L30<75,"Q3","Q4"))) -> Q2 | N30: =1048/345 -> 3.0376812 | O30: 0.00659
A31: ㅇ | B31: =B30+1 -> 23 | C31: Geotechnique | D31: SCI(E) | E31: 0016-8505 | G31: 1751-7656 | H31: Engineering, Geological | I31: =INDEX($R$9:$T$20,MATCH($H31,$R$9:$R$20,0),2) -> 63 | J31: 12 | K31: 81.7 | L31: =100-K31 -> 18.3 | M31: =IF(L31<25,"Q1",IF(L31<50,"Q2",IF(L31<75,"Q3","Q4"))) -> Q1 | N31: =1190/283 -> 4.204947 | O31: 0.00613
A32: ㅇ | B32: =B31+1 -> 24 | C32: International Journal of Rock Mechanics and Mining Sciences | D32: SCI(E) | E32: 1365-1609 | G32: 1873-4545 | H32: Engineering, Geological | I32: =INDEX($R$9:$T$20,MATCH($H32,$R$9:$R$20,0),2) -> 63 | J32: 2 | K32: 97.6 | L32: =100-K32 -> 2.4 | M32: =IF(L32<25,"Q1",IF(L32<50,"Q2",IF(L32<75,"Q3","Q4"))) -> Q1 | N32: =3997/570 -> 7.0122807 | O32: 0.01715
A33: ㅇ | B33: =B32+1 -> 25 | C33: Cement and concrete research | D33: SCI(E) | E33: 0008-8846 | G33: 1873-3948 | H33: CONSTRUCTION & BUILDING TECHNOLOGY | I33: =INDEX($R$9:$T$20,MATCH($H33,$R$9:$R$20,0),2) -> 92 | J33: 1 | K33: 99.5 | L33: =100-K33 -> 0.5 | M33: =IF(L33<25,"Q1",IF(L33<50,"Q2",IF(L33<75,"Q3","Q4"))) -> Q1 | N33: =6526/601 -> 10.858569 | O33: 0.02798
A34: ㅇ | B34: =B33+1 -> 26 | C34: Advances in cement research | D34: SCI(E) | E34: 0951-7197 | G34: 1751-7605 | H34: CONSTRUCTION & BUILDING TECHNOLOGY | I34: =INDEX($R$9:$T$20,MATCH($H34,$R$9:$R$20,0),2) -> 92 | J34: 59 | K34: 36.4 | L34: =100-K34 -> 63.6 | M34: =IF(L34<25,"Q1",IF(L34<50,"Q2",IF(L34<75,"Q3","Q4"))) -> Q3 | N34: =171/118 -> 1.4491525 | O34: 0.00071
A35: ㅇ | B35: =B34+1 -> 27 | C35: Journal of engineering materials and technology | D35: SCI(E) | E35: 0094-4289 | G35: 1528-8889 | H35: Engineering, Mechanical | I35: =INDEX($R$9:$T$20,MATCH($H35,$R$9:$R$20,0),2) -> 183 | J35: 115 | K35: 37.4 | L35: =100-K35 -> 62.6 | M35: =IF(L35<25,"Q1",IF(L35<50,"Q2",IF(L35<75,"Q3","Q4"))) -> Q3 | N35: =125/85 -> 1.4705882 | O35: 0.00053
A36: ㅇ | B36: =B35+1 -> 28 | C36: Advances in Civil Engineering | D36: SCI(E) | E36: 1687-8086 | G36: 1687-8094 | H36: Construction & Building Technology | I36: =INDEX($R$9:$T$20,MATCH($H36,$R$9:$R$20,0),2) -> 92 | J36: 54 | K36: 41.8 | L36: =100-K36 -> 58.2 | M36: =IF(L36<25,"Q1",IF(L36<50,"Q2",IF(L36<75,"Q3","Q4"))) -> Q3 | N36: =2884/1926 -> 1.4974039 | O36: 0.01133
A37: ㅇ | B37: =B36+1 -> 29 | C37: Journal of Coastal Research | D37: SCI(E) | E37: 0749-0208 | G37: 1551-5036 | H37: GEOGRAPHY, PHYSICAL | I37: =INDEX($R$9:$T$20,MATCH($H37,$R$9:$R$20,0),2) -> 50 | J37: 47 | K37: 7 | L37: =100-K37 -> 93 | M37: =IF(L37<25,"Q1",IF(L37<50,"Q2",IF(L37<75,"Q3","Q4"))) -> Q4 | N37: =3016/2718 -> 1.1096394 | O37: 0.00807
A38: ㅇ | B38: =B37+1 -> 30 | C38: International Journal of Geo-Engineering | D38: SCI(E) | E38: 2092-9196 | G38: 2198-2783 | H38: Engineering, Geological | I38: =INDEX($R$9:$T$20,MATCH($H38,$R$9:$R$20,0),2) -> 63 | J38: 26 | K38: 59.5 | L38: =100-K38 -> 40.5 | M38: =IF(L38<25,"Q1",IF(L38<50,"Q2",IF(L38<75,"Q3","Q4"))) -> Q2 | N38: =127/48 -> 2.6458333 | O38: 0.00048
B39: =B38+1 -> 31
B40: =B39+1 -> 32
B41: =B40+1 -> 33
B42: =B41+1 -> 34
B43: =B42+1 -> 35
A44: ㅇ | B44: 36 | I44: =INDEX($R$9:$T$20,MATCH($H44,$R$9:$R$20,0),2) -> #N/A | L44: =100-K44 -> 100 | M44: =IF(L44<25,"Q1",IF(L44<50,"Q2",IF(L44<75,"Q3","Q4"))) -> Q4
A46: ㅇ | B46: 1 | C46: International Journal of Control and Automation | D46: SCOPUS | E46: 2005-4297 | G46: 2207-6387 | I46: =INDEX($R$9:$T$20,MATCH($H46,$R$9:$R$20,0),2) -> #N/A | L46: =100-K46 -> 100 | M46: =IF(L46<25,"Q1",IF(L46<50,"Q2",IF(L46<75,"Q3","Q4")))*0 -> #VALUE!
B47: 2 | C47: Journal of the Korean Geotechnical Society | D47: 비SCI | E47: 1229-2427 | G47: 2288-646X | I47: =INDEX($R$9:$T$20,MATCH($H47,$R$9:$R$20,0),2) -> #N/A | L47: =100-K47 -> 100 | M47: =IF(L47<25,"Q1",IF(L47<50,"Q2",IF(L47<75,"Q3","Q4")))*0 -> #VALUE!
B48: 3 | C48: Journal of the Korean Geoenvironmental Society | D48: 비SCI | E48: 1598-0820 | I48: =INDEX($R$9:$T$20,MATCH($H48,$R$9:$R$20,0),2) -> #N/A | L48: =100-K48 -> 100 | M48: =IF(L48<25,"Q1",IF(L48<50,"Q2",IF(L48<75,"Q3","Q4")))*0 -> #VALUE!
B49: 4 | C49: Journal of Korean Tunnelling and Underground Space Association | D49: 비SCI | E49: 2233-8292 | G49: 2287-4747 | I49: =INDEX($R$9:$T$20,MATCH($H49,$R$9:$R$20,0),2) -> #N/A | L49: =100-K49 -> 100 | M49: =IF(L49<25,"Q1",IF(L49<50,"Q2",IF(L49<75,"Q3","Q4")))*0 -> #VALUE!
B50: 5 | C50: Journal of the Korean Society of Hazard Mitigation | D50: 비SCI | E50: 1738-2424 | G50: 2287-6723 | I50: =INDEX($R$9:$T$20,MATCH($H50,$R$9:$R$20,0),2) -> #N/A | L50: =100-K50 -> 100 | M50: =IF(L50<25,"Q1",IF(L50<50,"Q2",IF(L50<75,"Q3","Q4")))*0 -> #VALUE!
B51: 6 | C51: Journal of the Korean Geosynthetics Society | D51: 비SCI | E51: 2508-2876 | G51: 2287-9528 | I51: =INDEX($R$9:$T$20,MATCH($H51,$R$9:$R$20,0),2) -> #N/A | L51: =100-K51 -> 100 | M51: =IF(L51<25,"Q1",IF(L51<50,"Q2",IF(L51<75,"Q3","Q4")))*0 -> #VALUE!

Sheet GSR group 저널논문 (2001~2024)
D2: 색상
E3: : 입력해야 할 부분 | K3: =COUNTIF(K6:K99,"=Q1")/COUNTIF(H6:H99,"=SCI(E)") -> 0.63513514
B5: 번호 | C5: 연도 | D5: 연번 | E5: 논문제목 | F5: 게재학술지명 | G5: 주저자 성명 | H5: 논문구분 | I5: IF | J5: ES | K5: Rating
B6: 1 | C6: 2001 | D6: 1 | E6: Non-linear one-dimensional seismic ground motion propagation in the Mississippi embayment | F6: Engineering Geology | H6: =INDEX(학술지정보!$C$9:$O$50,MATCH($F6,학술지정보!$C$9:$C$50,0),2) -> SCI(E) | I6: =IF(H6="SCOPUS","N.A.",INDEX(학술지정보!$C$9:$O$50,MATCH($F6,학술지정보!$C$9:$C$50,0),12)) -> 6.8949367 | J6: =IF(H6="SCOPUS","N.A.",INDEX(학술지정보!$C$9:$O$50,MATCH($F6,학술지정보!$C$9:$C$50,0),13)) -> 0.02439 | K6: =IF(H6="SCOPUS","N.A.",INDEX(학술지정보!$C$9:$O$50,MATCH($F6,학술지정보!$C$9:$C$50,0),11)) -> Q1
B7: =B6+1 -> 2 | C7: 2002 | D7: 1 | E7: Viscous damping formulation and high frequency motion propagation in non-linear site response analysis | F7: Soil Dynamics and Earthquake Engineering | H7: =INDEX(학술지정보!$C$9:$O$50,MATCH($F7,학술지정보!$C$9:$C$50,0),2) -> SCI(E) | I7: =IF(H7="SCOPUS","N.A.",INDEX(학술지정보!$C$9:$O$50,MATCH($F7,학술지정보!$C$9:$C$50,0),12)) -> 4.1788018 | J7: =IF(H7="SCOPUS","N.A.",INDEX(학술지정보!$C$9:$O$50,MATCH($F7,학술지정보!$C$9:$C$50,0),13)) -> 0.01773 | K7: =IF(H7="SCOPUS","N.A.",INDEX(학술지정보!$C$9:$O$50,MATCH($F7,학술지정보!$C$9:$C$50,0),11)) -> Q1
B8: =B7+1 -> 3 | C8: 2004 | D8: 1 | E8: Soil damping formulation in nonlinear time domain site response analysis | F8: Journal of earthquake engineering | H8: =INDEX(학술지정보!$C$9:$O$50,MATCH($F8,학술지정보!$C$9:$C$50,0),2) -> SCI(E) | I8: =IF(H8="SCOPUS","N.A.",INDEX(학술지정보!$C$9:$O$50,MATCH($F8,학술지정보!$C$9:$C$50,0),12)) -> 2.5113872 | J8: =IF(H8="SCOPUS","N.A.",INDEX(학술지정보!$C$9:$O$50,MATCH($F8,학술지정보!$C$9:$C$50,0),13)) -> 0.00445 | K8: =IF(H8="SCOPUS","N.A.",INDEX(학술지정보!$C$9:$O$50,MATCH($F8,학술지정보!$C$9:$C$50,0),11)) -> Q2
B9: =B8+1 -> 4 | C9: 2005 | D9: 1 | E9: Ovaling deformations of circular tunnels under seismic loading, an update on seismic design and analysis of underground structures | F9: Tunnelling and Underground Space Technology | H9: =INDEX(학술지정보!$C$9:$O$50,MATCH($F9,학술지정보!$C$9:$C$50,0),2) -> SCI(E) | I9: =IF(H9="SCOPUS","N.A.",INDEX(학술지정보!$C$9:$O$50,MATCH($F9,학술지정보!$C$9:$C$50,0),12)) -> 6.6583012 | J9: =IF(H9="SCOPUS","N.A.",INDEX(학술지정보!$C$9:$O$50,MATCH($F9,학술지정보!$C$9:$C$50,0),13)) -> 0.02221 | K9: =IF(H9="SCOPUS","N.A.",INDEX(학술지정보!$C$9:$O$50,MATCH($F9,학술지정보!$C$9:$C$50,0),11)) -> Q1
B10: =B9+1 -> 5 | C10: 2005 | D10: 2 | E10: Evaluation of seismic site factors in the Mississippi Embayment. II. Probabilistic seismic hazard analysis with nonlinear site effects | F10: Soil Dynamics and Earthquake Engineering | H10: =INDEX(학술지정보!$C$9:$O$50,MATCH($F10,학술지정보!$C$9:$C$50,0),2) -> SCI(E) | I10: =IF(H10="SCOPUS","N.A.",INDEX(학술지정보!$C$9:$O$50,MATCH($F10,학술지정보!$C$9:$C$50,0),12)) -> 4.1788018 | J10: =IF(H10="SCOPUS","N.A.",INDEX(학술지정보!$C$9:$O$50,MATCH($F10,학술지정보!$C$9:$C$50,0),13)) -> 0.01773 | K10: =IF(H10="SCOPUS","N.A.",INDEX(학술지정보!$C$9:$O$50,MATCH($F10,학술지정보!$C$9:$C$50,0),11)) -> Q1
B11: =B10+1 -> 6 | C11: 2005 | D11: =D10+1 -> 3 | E11: Evaluation of seismic site factors in the Mississippi Embayment. I. Estimation of dynamic properties | F11: Soil Dynamics and Earthquake Engineering | G11: 박두희 | H11: =INDEX(학술지정보!$C$9:$O$50,MATCH($F11,학술지정보!$C$9:$C$50,0),2) -> SCI(E) | I11: =IF(H11="SCOPUS","N.A.",INDEX(학술지정보!$C$9:$O$50,MATCH($F11,학술지정보!$C$9:$C$50,0),12)) -> 4.1788018 | J11: =IF(H11="SCOPUS","N.A.",INDEX(학술지정보!$C$9:$O$50,MATCH($F11,학술지정보!$C$9:$C$50,0),13)) -> 0.01773 | K11: =IF(H11="SCOPUS","N.A.",INDEX(학술지정보!$C$9:$O$50,MATCH($F11,학술지정보!$C$9:$C$50,0),11)) -> Q1
B12: =B11+1 -> 7 | C12: 2006 | D12: 1 | E12: Construction of double track subway tunnel in the alluvial soils with shallow overburden | F12: Tunnelling and Underground Space Technology | H12: =INDEX(학술지정보!$C$9:$O$50,MATCH($F12,학술지정보!$C$9:$C$50,0),2) -> SCI(E) | I12: =IF(H12="SCOPUS","N.A.",INDEX(학술지정보!$C$9:$O$50,MATCH($F12,학술지정보!$C$9:$C$50,0),12)) -> 6.6583012 | J12: =IF(H12="SCOPUS","N.A.",INDEX(학술지정보!$C$9:$O$50,MATCH($F12,학술지정보!$C$9:$C$50,0),13)) -> 0.02221 | K12: =IF(H12="SCOPUS","N.A.",INDEX(학술지정보!$C$9:$O$50,MATCH($F12,학술지정보!$C$9:$C$50,0),11)) -> Q1
B13: =B12+1 -> 8 | C13: 2007 | D13: 1 | E13: Simulation of Inundation at Imwon Port during 1983 Central East Sea Tsunami | F13: Journal of Coastal Research | G13: 박두희 | H13: =INDEX(학술지정보!$C$9:$O$50,MATCH($F13,학술지정보!$C$9:$C$50,0),2) -> SCI(E) | I13: =IF(H13="SCOPUS","N.A.",INDEX(학술지정보!$C$9:$O$50,MATCH($F13,학술지정보!$C$9:$C$50,0),12)) -> 1.1096394 | J13: =IF(H13="SCOPUS","N.A.",INDEX(학술지정보!$C$9:$O$50,MATCH($F13,학술지정보!$C$9:$C$50,0),13)) -> 0.00807 | K13: =IF(H13="SCOPUS","N.A.",INDEX(학술지정보!$C$9:$O$50,MATCH($F13,학술지정보!$C$9:$C$50,0),11)) -> Q4
B14: =B13+1 -> 9 | C14: 2008 | D14: 1 | E14: Effect of limestone filler on the deterioration of mortars and pastes exposed to sulfate solutions at ambient temperature | F14: Cement and concrete research | H14: =INDEX(학술지정보!$C$9:$O$50,MATCH($F14,학술지정보!$C$9:$C$50,0),2) -> SCI(E) | I14: =IF(H14="SCOPUS","N.A.",INDEX(학술지정보!$C$9:$O$50,MATCH($F14,학술지정보!$C$9:$C$50,0),12)) -> 10.858569 | J14: =IF(H14="SCOPUS","N.A.",INDEX(학술지정보!$C$9:$O$50,MATCH($F14,학술지정보!$C$9:$C$50,0),13)) -> 0.02798 | K14: =IF(H14="SCOPUS","N.A.",INDEX(학술지정보!$C$9:$O$50,MATCH($F14,학술지정보!$C$9:$C$50,0),11)) -> Q1
B15: =B14+1 -> 10 | C15: 2008 | D15: 2 | E15: Rate-dependent soil behavior in seismic site response analysis | F15: Canadian Geotechnical Journal | G15: 박두희 | H15: =INDEX(학술지정보!$C$9:$O$50,MATCH($F15,학술지정보!$C$9:$C$50,0),2) -> SCI(E) | I15: =IF(H15="SCOPUS","N.A.",INDEX(학술지정보!$C$9:$O$50,MATCH($F15,학술지정보!$C$9:$C$50,0),12)) -> 3.0376812 | J15: =IF(H15="SCOPUS","N.A.",INDEX(학술지정보!$C$9:$O$50,MATCH($F15,학술지정보!$C$9:$C$50,0),13)) -> 0.00659 | K15: =IF(H15="SCOPUS","N.A.",INDEX(학술지정보!$C$9:$O$50,MATCH($F15,학술지정보!$C$9:$C$50,0),11)) -> Q2
B16: =B15+1 -> 11 | C16: 2008 | D16: 3 | E16: Soil-column depth-dependent seismic site coefficients and hazard maps for the upper Mississippi Embayment | F16: Bulletin of the Seismological Society of America | H16: =INDEX(학술지정보!$C$9:$O$50,MATCH($F16,학술지정보!$C$9:$C$50,0),2) -> SCI(E) | I16: =IF(H16="SCOPUS","N.A.",INDEX(학술지정보!$C$9:$O$50,MATCH($F16,학술지정보!$C$9:$C$50,0),12)) -> 2.6493506 | J16: =IF(H16="SCOPUS","N.A.",INDEX(학술지정보!$C$9:$O$50,MATCH($F16,학술지정보!$C$9:$C$50,0),13)) -> 0.00845 | K16: =IF(H16="SCOPUS","N.A.",INDEX(학술지정보!$C$9:$O$50,MATCH($F16,학술지정보!$C$9:$C$50,0),11)) -> Q2
B17: =B16+1 -> 12 | C17: 2009 | D17: 1 | E17: Simulation of tunnel response under spatially varying ground motion | F17: Soil Dynamics and Earthquake Engineering | G17: 박두희 | H17: =INDEX(학술지정보!$C$9:$O$50,MATCH($F17,학술지정보!$C$9:$C$50,0),2) -> SCI(E) | I17: =IF(H17="SCOPUS","N.A.",INDEX(학술지정보!$C$9:$O$50,MATCH($F17,학술지정보!$C$9:$C$50,0),12)) -> 4.1788018 | J17: =IF(H17="SCOPUS","N.A.",INDEX(학술지정보!$C$9:$O$50,MATCH($F17,학술지정보!$C$9:$C$50,0),13)) -> 0.01773 | K17: =IF(H17="SCOPUS","N.A.",INDEX(학술지정보!$C$9:$O$50,MATCH($F17,학술지정보!$C$9:$C$50,0),11)) -> Q1
B18: =B17+1 -> 13 | C18: 2009 | D18: 2 | E18: Evaluation of liquefaction potential of port structures with earthquake magnitude adjustment | F18: Journal of Coastal Research | G18: 박두희 | H18: =INDEX(학술지정보!$C$9:$O$50,MATCH($F18,학술지정보!$C$9:$C$50,0),2) -> SCI(E) | I18: =IF(H18="SCOPUS","N.A.",INDEX(학술지정보!$C$9:$O$50,MATCH($F18,학술지정보!$C$9:$C$50,0),12)) -> 1.1096394 | J18: =IF(H18="SCOPUS","N.A.",INDEX(학술지정보!$C$9:$O$50,MATCH($F18,학술지정보!$C$9:$C$50,0),13)) -> 0.00807 | K18: =IF(H18="SCOPUS","N.A.",INDEX(학술지정보!$C$9:$O$50,MATCH($F18,학술지정보!$C$9:$C$50,0),11)) -> Q4
B19: =B18+1 -> 14 | C19: 2010 | D19: 1 | E19: Development of generalised formula for dynamic active earth pressure | F19: Geotechnique | G19: 박두희 | H19: =INDEX(학술지정보!$C$9:$O$50,MATCH($F19,학술지정보!$C$9:$C$50,0),2) -> SCI(E) | I19: =IF(H19="SCOPUS","N.A.",INDEX(학술지정보!$C$9:$O$50,MATCH($F19,학술지정보!$C$9:$C$50,0),12)) -> 4.204947 | J19: =IF(H19="SCOPUS","N.A.",INDEX(학술지정보!$C$9:$O$50,MATCH($F19,학술지정보!$C$9:$C$50,0),13)) -> 0.00613 | K19: =IF(H19="SCOPUS","N.A.",INDEX(학술지정보!$C$9:$O$50,MATCH($F19,학술지정보!$C$9:$C$50,0),11)) -> Q1
B20: =B19+1 -> 15 | C20: 2010 | D20: 2 | E20: Flexural rigidity and ductility of high-strength reinforced polyester polymer concrete beams | F20: Advances in cement research | G20: 박두희 | H20: =INDEX(학술지정보!$C$9:$O$50,MATCH($F20,학술지정보!$C$9:$C$50,0),2) -> SCI(E) | I20: =IF(H20="SCOPUS","N.A.",INDEX(학술지정보!$C$9:$O$50,MATCH($F20,학술지정보!$C$9:$C$50,0),12)) -> 1.4491525 | J20: =IF(H20="SCOPUS","N.A.",INDEX(학술지정보!$C$9:$O$50,MATCH($F20,학술지정보!$C$9:$C$50,0),13)) -> 0.00071 | K20: =IF(H20="SCOPUS","N.A.",INDEX(학술지정보!$C$9:$O$50,MATCH($F20,학술지정보!$C$9:$C$50,0),11)) -> Q3
B21: =B20+1 -> 16 | C21: 2011 | D21: 1 | E21: Experimental and numerical analysis of an opening in a jointed rock mass under biaxial compression | F21: International Journal of Rock Mechanics and Mining Sciences | H21: =INDEX(학술지정보!$C$9:$O$50,MATCH($F21,학술지정보!$C$9:$C$50,0),2) -> SCI(E) | I21: =IF(H21="SCOPUS","N.A.",INDEX(학술지정보!$C$9:$O$50,MATCH($F21,학술지정보!$C$9:$C$50,0),12)) -> 7.0122807 | J21: =IF(H21="SCOPUS","N.A.",INDEX(학술지정보!$C$9:$O$50,MATCH($F21,학술지정보!$C$9:$C$50,0),13)) -> 0.01715 | K21: =IF(H21="SCOPUS","N.A.",INDEX(학술지정보!$C$9:$O$50,MATCH($F21,학술지정보!$C$9:$C$50,0),11)) -> Q1
B22: =B21+1 -> 17 | C22: 2012 | D22: 1 | E22: Analysis of round robin test on seismic site response analysis | F22: KSCE Journal of Civil Engineering | G22: 박두희 | H22: =INDEX(학술지정보!$C$9:$O$50,MATCH($F22,학술지정보!$C$9:$C$50,0),2) -> SCI(E) | I22: =IF(H22="SCOPUS","N.A.",INDEX(학술지정보!$C$9:$O$50,MATCH($F22,학술지정보!$C$9:$C$50,0),12)) -> 1.9105012 | J22: =IF(H22="SCOPUS","N.A.",INDEX(학술지정보!$C$9:$O$50,MATCH($F22,학술지정보!$C$9:$C$50,0),13)) -> 0.00712 | K22: =IF(H22="SCOPUS","N.A.",INDEX(학술지정보!$C$9:$O$50,MATCH($F22,학술지정보!$C$9:$C$50,0),11)) -> Q2
B23: =B22+1 -> 18 | C23: 2012 | D23: 2 | E23: Development of probabilistic seismic site coefficients of Korea | F23: Soil Dynamics and Earthquake Engineering | G23: 박두희 | H23: =INDEX(학술지정보!$C$9:$O$50,MATCH($F23,학술지정보!$C$9:$C$50,0),2) -> SCI(E) | I23: =IF(H23="SCOPUS","N.A.",INDEX(학술지정보!$C$9:$O$50,MATCH($F23,학술지정보!$C$9:$C$50,0),12)) -> 4.1788018 | J23: =IF(H23="SCOPUS","N.A.",INDEX(학술지정보!$C$9:$O$50,MATCH($F23,학술지정보!$C$9:$C$50,0),13)) -> 0.01773 | K23: =IF(H23="SCOPUS","N.A.",INDEX(학술지정보!$C$9:$O$50,MATCH($F23,학술지정보!$C$9:$C$50,0),11)) -> Q1
B24: =B23+1 -> 19 | C24: 2013 | D24: 1 | E24: Development of a loading platen containing a cylindrical roller bearing to reduce frictional constraint at the boundary | F24: International Journal of Rock Mechanics and Mining Sciences | H24: =INDEX(학술지정보!$C$9:$O$50,MATCH($F24,학술지정보!$C$9:$C$50,0),2) -> SCI(E) | I24: =IF(H24="SCOPUS","N.A.",INDEX(학술지정보!$C$9:$O$50,MATCH($F24,학술지정보!$C$9:$C$50,0),12)) -> 7.0122807 | J24: =IF(H24="SCOPUS","N.A.",INDEX(학술지정보!$C$9:$O$50,MATCH($F24,학술지정보!$C$9:$C$50,0),13)) -> 0.01715 | K24: =IF(H24="SCOPUS","N.A.",INDEX(학술지정보!$C$9:$O$50,MATCH($F24,학술지정보!$C$9:$C$50,0),11)) -> Q1
B25: =B24+1 -> 20 | C25: 2013 | D25: 2 | E25: Computational coupled method for multiscale and phase analysis | F25: Journal of engineering materials and technology | H25: =INDEX(학술지정보!$C$9:$O$50,MATCH($F25,학술지정보!$C$9:$C$50,0),2) -> SCI(E) | I25: =IF(H25="SCOPUS","N.A.",INDEX(학술지정보!$C$9:$O$50,MATCH($F25,학술지정보!$C$9:$C$50,0),12)) -> 1.4705882 | J25: =IF(H25="SCOPUS","N.A.",INDEX(학술지정보!$C$9:$O$50,MATCH($F25,학술지정보!$C$9:$C$50,0),13)) -> 0.00053 | K25: =IF(H25="SCOPUS","N.A.",INDEX(학술지정보!$C$9:$O$50,MATCH($F25,학술지정보!$C$9:$C$50,0),11)) -> Q3
B26: =B25+1 -> 21 | C26: 2014 | D26: 1 | E26: Selection of the optimal frequencies of viscous damping formulation in nonlinear time-domain site response analysis | F26: Soil Dynamics and Earthquake Engineering | G26: 박두희 | H26: =INDEX(학술지정보!$C$9:$O$50,MATCH($F26,학술지정보!$C$9:$C$50,0),2) -> SCI(E) | I26: =IF(H26="SCOPUS","N.A.",INDEX(학술지정보!$C$9:$O$50,MATCH($F26,학술지정보!$C$9:$C$50,0),12)) -> 4.1788018 | J26: =IF(H26="SCOPUS","N.A.",INDEX(학술지정보!$C$9:$O$50,MATCH($F26,학술지정보!$C$9:$C$50,0),13)) -> 0.01773 | K26: =IF(H26="SCOPUS","N.A.",INDEX(학술지정보!$C$9:$O$50,MATCH($F26,학술지정보!$C$9:$C$50,0),11)) -> Q1
B27: =B26+1 -> 22 | C27: 2015 | D27: 1 | E27: Pore pressure model based on accumulated stress | F27: Bulletin of Earthquake Engineering | G27: 박두희 | H27: =INDEX(학술지정보!$C$9:$O$50,MATCH($F27,학술지정보!$C$9:$C$50,0),2) -> SCI(E) | I27: =IF(H27="SCOPUS","N.A.",INDEX(학술지정보!$C$9:$O$50,MATCH($F27,학술지정보!$C$9:$C$50,0),12)) -> 3.7847866 | J27: =IF(H27="SCOPUS","N.A.",INDEX(학술지정보!$C$9:$O$50,MATCH($F27,학술지정보!$C$9:$C$50,0),13)) -> 0.00883 | K27: =IF(H27="SCOPUS","N.A.",INDEX(학술지정보!$C$9:$O$50,MATCH($F27,학술지정보!$C$9:$C$50,0),11)) -> Q1
B28: =B27+1 -> 23 | C28: 2015 | D28: 2 | E28: Prediction of seismic displacement of dry mountain slopes composed of a soft thin uniform layer | F28: Soil Dynamics and Earthquake Engineering | G28: 박두희 | H28: =INDEX(학술지정보!$C$9:$O$50,MATCH($F28,학술지정보!$C$9:$C$50,0),2) -> SCI(E) | I28: =IF(H28="SCOPUS","N.A.",INDEX(학술지정보!$C$9:$O$50,MATCH($F28,학술지정보!$C$9:$C$50,0),12)) -> 4.1788018 | J28: =IF(H28="SCOPUS","N.A.",INDEX(학술지정보!$C$9:$O$50,MATCH($F28,학술지정보!$C$9:$C$50,0),13)) -> 0.01773 | K28: =IF(H28="SCOPUS","N.A.",INDEX(학술지정보!$C$9:$O$50,MATCH($F28,학술지정보!$C$9:$C$50,0),11)) -> Q1
B29: =B28+1 -> 24 | C29: 2016 | D29: 1 | E29: Damage analysis of cut-and-cover tunnel structures under seismic loading | F29: Bulletin of Earthquake Engineering | G29: 박두희 | H29: =INDEX(학술지정보!$C$9:$O$50,MATCH($F29,학술지정보!$C$9:$C$50,0),2) -> SCI(E) | I29: =IF(H29="SCOPUS","N.A.",INDEX(학술지정보!$C$9:$O$50,MATCH($F29,학술지정보!$C$9:$C$50,0),12)) -> 3.7847866 | J29: =IF(H29="SCOPUS","N.A.",INDEX(학술지정보!$C$9:$O$50,MATCH($F29,학술지정보!$C$9:$C$50,0),13)) -> 0.00883 | K29: =IF(H29="SCOPUS","N.A.",INDEX(학술지정보!$C$9:$O$50,MATCH($F29,학술지정보!$C$9:$C$50,0),11)) -> Q1
B30: =B29+1 -> 25 | C30: 2016 | D30: 2 | E30: Effect of freezing saturated sandy soil under undrained condition on a buried steel pipe | F30: International Journal of Control and Automation | G30: 박두희 | H30: =INDEX(학술지정보!$C$9:$O$50,MATCH($F30,학술지정보!$C$9:$C$50,0),2) -> SCOPUS | I30: =IF(H30="SCOPUS","N.A.",INDEX(학술지정보!$C$9:$O$50,MATCH($F30,학술지정보!$C$9:$C$50,0),12)) -> N.A. | J30: =IF(H30="SCOPUS","N.A.",INDEX(학술지정보!$C$9:$O$50,MATCH($F30,학술지정보!$C$9:$C$50,0),13)) -> N.A. | K30: =IF(H30="SCOPUS","N.A.",INDEX(학술지정보!$C$9:$O$50,MATCH($F30,학술지정보!$C$9:$C$50,0),11)) -> N.A.
B31: =B30+1 -> 26 | C31: 2016 | D31: 3 | E31: Vertical bearing capacity of bucket foundations in sand | F31: Ocean Engineering | G31: 박두희 | H31: =INDEX(학술지정보!$C$9:$O$50,MATCH($F31,학술지정보!$C$9:$C$50,0),2) -> SCI(E) | I31: =IF(H31="SCOPUS","N.A.",INDEX(학술지정보!$C$9:$O$50,MATCH($F31,학술지정보!$C$9:$C$50,0),12)) -> 4.5597586 | J31: =IF(H31="SCOPUS","N.A.",INDEX(학술지정보!$C$9:$O$50,MATCH($F31,학술지정보!$C$9:$C$50,0),13)) -> 0.04254 | K31: =IF(H31="SCOPUS","N.A.",INDEX(학술지정보!$C$9:$O$50,MATCH($F31,학술지정보!$C$9:$C$50,0),11)) -> Q1
B32: =B31+1 -> 27 | C32: 2017 | D32: 1 | E32: Development of normalized liquefaction resistance curve for clean sands | F32: Bulletin of earthquake engineering | G32: 박두희 | H32: =INDEX(학술지정보!$C$9:$O$50,MATCH($F32,학술지정보!$C$9:$C$50,0),2) -> SCI(E) | I32: =IF(H32="SCOPUS","N.A.",INDEX(학술지정보!$C$9:$O$50,MATCH($F32,학술지정보!$C$9:$C$50,0),12)) -> 3.7847866 | J32: =IF(H32="SCOPUS","N.A.",INDEX(학술지정보!$C$9:$O$50,MATCH($F32,학술지정보!$C$9:$C$50,0),13)) -> 0.00883 | K32: =IF(H32="SCOPUS","N.A.",INDEX(학술지정보!$C$9:$O$50,MATCH($F32,학술지정보!$C$9:$C$50,0),11)) -> Q1
B33: =B32+1 -> 28 | C33: 2017 | D33: 2 | E33: Vertical bearing capacity of bucket foundation in sand overlying clay | F33: Ocean Engineering | G33: 박두희 | H33: =INDEX(학술지정보!$C$9:$O$50,MATCH($F33,학술지정보!$C$9:$C$50,0),2) -> SCI(E) | I33: =IF(H33="SCOPUS","N.A.",INDEX(학술지정보!$C$9:$O$50,MATCH($F33,학술지정보!$C$9:$C$50,0),12)) -> 4.5597586 | J33: =IF(H33="SCOPUS","N.A.",INDEX(학술지정보!$C$9:$O$50,MATCH($F33,학술지정보!$C$9:$C$50,0),13)) -> 0.04254 | K33: =IF(H33="SCOPUS","N.A.",INDEX(학술지정보!$C$9:$O$50,MATCH($F33,학술지정보!$C$9:$C$50,0),11)) -> Q1
B34: =B33+1 -> 29 | C34: 2017 | D34: 3 | E34: Detection of cavities around concrete sewage pipelines using impact-echo method | F34: Tunnelling and Underground Space Technology | G34: 박두희 | H34: =INDEX(학술지정보!$C$9:$O$50,MATCH($F34,학술지정보!$C$9:$C$50,0),2) -> SCI(E) | I34: =IF(H34="SCOPUS","N.A.",INDEX(학술지정보!$C$9:$O$50,MATCH($F34,학술지정보!$C$9:$C$50,0),12)) -> 6.6583012 | J34: =IF(H34="SCOPUS","N.A.",INDEX(학술지정보!$C$9:$O$50,MATCH($F34,학술지정보!$C$9:$C$50,0),13)) -> 0.02221 | K34: =IF(H34="SCOPUS","N.A.",INDEX(학술지정보!$C$9:$O$50,MATCH($F34,학술지정보!$C$9:$C$50,0),11)) -> Q1
B35: =B34+1 -> 30 | C35: 2017 | D35: 4 | E35: Supplementing Vs30 with H/V Spectral Ratios for Predicting Site Effects | F35: Bulletin of the Seismological Society of America | G35: 박두희 | H35: =INDEX(학술지정보!$C$9:$O$50,MATCH($F35,학술지정보!$C$9:$C$50,0),2) -> SCI(E) | I35: =IF(H35="SCOPUS","N.A.",INDEX(학술지정보!$C$9:$O$50,MATCH($F35,학술지정보!$C$9:$C$50,0),12)) -> 2.6493506 | J35: =IF(H35="SCOPUS","N.A.",INDEX(학술지정보!$C$9:$O$50,MATCH($F35,학술지정보!$C$9:$C$50,0),13)) -> 0.00845 | K35: =IF(H35="SCOPUS","N.A.",INDEX(학술지정보!$C$9:$O$50,MATCH($F35,학술지정보!$C$9:$C$50,0),11)) -> Q2
B36: =B35+1 -> 31 | C36: 2017 | D36: 5 | E36: Prediction of near-field wave attenuation due to a spherical blast source | F36: Rock Mechanics and Rock Engineering | G36: 박두희 | H36: =INDEX(학술지정보!$C$9:$O$50,MATCH($F36,학술지정보!$C$9:$C$50,0),2) -> SCI(E) | I36: =IF(H36="SCOPUS","N.A.",INDEX(학술지정보!$C$9:$O$50,MATCH($F36,학술지정보!$C$9:$C$50,0),12)) -> 5.4670588 | J36: =IF(H36="SCOPUS","N.A.",INDEX(학술지정보!$C$9:$O$50,MATCH($F36,학술지정보!$C$9:$C$50,0),13)) -> 0.01961 | K36: =IF(H36="SCOPUS","N.A.",INDEX(학술지정보!$C$9:$O$50,MATCH($F36,학술지정보!$C$9:$C$50,0),11)) -> Q1
B37: =B36+1 -> 32 | C37: 2017 | D37: 6 | E37: USGS hazard map compatible depth-dependent seismic site coefficients for the Upper Mississippi Embayment | F37: KSCE Journal of Civil Engineering | G37: 박두희 | H37: =INDEX(학술지정보!$C$9:$O$50,MATCH($F37,학술지정보!$C$9:$C$50,0),2) -> SCI(E) | I37: =IF(H37="SCOPUS","N.A.",INDEX(학술지정보!$C$9:$O$50,MATCH($F37,학술지정보!$C$9:$C$50,0),12)) -> 1.9105012 | J37: =IF(H37="SCOPUS","N.A.",INDEX(학술지정보!$C$9:$O$50,MATCH($F37,학술지정보!$C$9:$C$50,0),13)) -> 0.00712 | K37: =IF(H37="SCOPUS","N.A.",INDEX(학술지정보!$C$9:$O$50,MATCH($F37,학술지정보!$C$9:$C$50,0),11)) -> Q2
... B40: =B39+1 -> 35 | C40: 2019 | D40: 1 | E40: Effect of Flexibility Ratio on Seismic Response of Cut‐and‐Cover Box Tunnel | F40: Advances in Civil Engineering | G40: 박두희 | H40: =INDEX(학술지정보!$C$9:$O$50,MATCH($F40,학술지정보!$C$9:$C$50,0),2) -> SCI(E) | I40: =IF(H40="SCOPUS","N.A.",INDEX(학술지정보!$C$9:$O$50,MATCH($F40,학술지정보!$C$9:$C$50,0),12)) -> 1.4974039 | J40: =IF(H40="SCOPUS","N.A.",INDEX(학술지정보!$C$9:$O$50,MATCH($F40,학술지정보!$C$9:$C$50,0),13)) -> 0.01133 | K40: =IF(H40="SCOPUS","N.A.",INDEX(학술지정보!$C$9:$O$50,MATCH($F40,학술지정보!$C$9:$C$50,0),11)) -> Q3
B41: =B40+1 -> 36 | C41: 2019 | D41: 2 | E41: Seismic vulnerability assessment of rectangular cut-and-cover subway tunnels | F41: Tunnelling and Underground Space Technology | H41: =INDEX(학술지정보!$C$9:$O$50,MATCH($F41,학술지정보!$C$9:$C$50,0),2) -> SCI(E) | I41: =IF(H41="SCOPUS","N.A.",INDEX(학술지정보!$C$9:$O$50,MATCH($F41,학술지정보!$C$9:$C$50,0),12)) -> 6.6583012 | J41: =IF(H41="SCOPUS","N.A.",INDEX(학술지정보!$C$9:$O$50,MATCH($F41,학술지정보!$C$9:$C$50,0),13)) -> 0.02221 | K41: =IF(H41="SCOPUS","N.A.",INDEX(학술지정보!$C$9:$O$50,MATCH($F41,학술지정보!$C$9:$C$50,0),11)) -> Q1
B42: =B41+1 -> 37 | C42: 2019 | D42: 3 | E42: Seismic damage analysis of box metro tunnels accounting for aspect ratio and shear failure | F42: Applied Sciences-Basel | G42: 박두희 | H42: =INDEX(학술지정보!$C$9:$O$50,MATCH($F42,학술지정보!$C$9:$C$50,0),2) -> SCI(E) | I42: =IF(H42="SCOPUS","N.A.",INDEX(학술지정보!$C$9:$O$50,MATCH($F42,학술지정보!$C$9:$C$50,0),12)) -> 2.4518839 | J42: =IF(H42="SCOPUS","N.A.",INDEX(학술지정보!$C$9:$O$50,MATCH($F42,학술지정보!$C$9:$C$50,0),13)) -> 0.11103 | K42: =IF(H42="SCOPUS","N.A.",INDEX(학술지정보!$C$9:$O$50,MATCH($F42,학술지정보!$C$9:$C$50,0),11)) -> Q1
B43: =B42+1 -> 38 | C43: 2019 | D43: 4 | E43: Multi-platform soil-structure interaction simulation of Daikai subway tunnel during the 1995 Kobe earthquake | F43: Soil Dynamics and Earthquake Engineering | H43: =INDEX(학술지정보!$C$9:$O$50,MATCH($F43,학술지정보!$C$9:$C$50,0),2) -> SCI(E) | I43: =IF(H43="SCOPUS","N.A.",INDEX(학술지정보!$C$9:$O$50,MATCH($F43,학술지정보!$C$9:$C$50,0),12)) -> 4.1788018 | J43: =IF(H43="SCOPUS","N.A.",INDEX(학술지정보!$C$9:$O$50,MATCH($F43,학술지정보!$C$9:$C$50,0),13)) -> 0.01773 | K43: =IF(H43="SCOPUS","N.A.",INDEX(학술지정보!$C$9:$O$50,MATCH($F43,학술지정보!$C$9:$C$50,0),11)) -> Q1
B44: =B43+1 -> 39 | C44: 2019 | D44: 5 | E44: Estimation of seismically-induced crest settlement of earth core rockfill dams | F44: Applied Sciences-Basel | G44: 박두희 | H44: =INDEX(학술지정보!$C$9:$O$50,MATCH($F44,학술지정보!$C$9:$C$50,0),2) -> SCI(E) | I44: =IF(H44="SCOPUS","N.A.",INDEX(학술지정보!$C$9:$O$50,MATCH($F44,학술지정보!$C$9:$C$50,0),12)) -> 2.4518839 | J44: =IF(H44="SCOPUS","N.A.",INDEX(학술지정보!$C$9:$O$50,MATCH($F44,학술지정보!$C$9:$C$50,0),13)) -> 0.11103 | K44: =IF(H44="SCOPUS","N.A.",INDEX(학술지정보!$C$9:$O$50,MATCH($F44,학술지정보!$C$9:$C$50,0),11)) -> Q1
B45: =B44+1 -> 40 | C45: 2020 | D45: 1 | E45: Mitigation method of rockfall hazard on rock slope using large-scale fields and numerical simulations | F45: Advances in Civil Engineering | G45: 박두희 | H45: =INDEX(학술지정보!$C$9:$O$50,MATCH($F45,학술지정보!$C$9:$C$50,0),2) -> SCI(E) | I45: =IF(H45="SCOPUS","N.A.",INDEX(학술지정보!$C$9:$O$50,MATCH($F45,학술지정보!$C$9:$C$50,0),12)) -> 1.4974039 | J45: =IF(H45="SCOPUS","N.A.",INDEX(학술지정보!$C$9:$O$50,MATCH($F45,학술지정보!$C$9:$C$50,0),13)) -> 0.01133 | K45: =IF(H45="SCOPUS","N.A.",INDEX(학술지정보!$C$9:$O$50,MATCH($F45,학술지정보!$C$9:$C$50,0),11)) -> Q3
B46: =B45+1 -> 41 | C46: 2020 | D46: 2 | E46: Numerical Simulation of Damage Evolution of Daikai Station during 1985 Kobe Earthquake | F46: Engineering Structures | G46: 박두희 | H46: =INDEX(학술지정보!$C$9:$O$50,MATCH($F46,학술지정보!$C$9:$C$50,0),2) -> SCI(E) | I46: =IF(H46="SCOPUS","N.A.",INDEX(학술지정보!$C$9:$O$50,MATCH($F46,학술지정보!$C$9:$C$50,0),12)) -> 5.5579793 | J46: =IF(H46="SCOPUS","N.A.",INDEX(학술지정보!$C$9:$O$50,MATCH($F46,학술지정보!$C$9:$C$50,0),13)) -> 0.05699 | K46: =IF(H46="SCOPUS","N.A.",INDEX(학술지정보!$C$9:$O$50,MATCH($F46,학술지정보!$C$9:$C$50,0),11)) -> Q1
B47: =B46+1 -> 42 | C47: 2020 | D47: 3 | E47: A Site-Specific Response Analysis: A Case Study in Hanoi, Vietnam | F47: Applied Sciences-Basel | G47: 박두희 | H47: =INDEX(학술지정보!$C$9:$O$50,MATCH($F47,학술지정보!$C$9:$C$50,0),2) -> SCI(E) | I47: =IF(H47="SCOPUS","N.A.",INDEX(학술지정보!$C$9:$O$50,MATCH($F47,학술지정보!$C$9:$C$50,0),12)) -> 2.4518839 | J47: =IF(H47="SCOPUS","N.A.",INDEX(학술지정보!$C$9:$O$50,MATCH($F47,학술지정보!$C$9:$C$50,0),13)) -> 0.11103 | K47: =IF(H47="SCOPUS","N.A.",INDEX(학술지정보!$C$9:$O$50,MATCH($F47,학술지정보!$C$9:$C$50,0),11)) -> Q1
B48: =B47+1 -> 43 | C48: 2020 | D48: 4 | E48: Estimation of Seismically Induced Longitudinal Strain in Pipelines Subjected to Incident Shear Wave | F48: KSCE Journal of Civil Engineering | G48: 박두희 | H48: =INDEX(학술지정보!$C$9:$O$50,MATCH($F48,학술지정보!$C$9:$C$50,0),2) -> SCI(E) | I48: =IF(H48="SCOPUS","N.A.",INDEX(학술지정보!$C$9:$O$50,MATCH($F48,학술지정보!$C$9:$C$50,0),12)) -> 1.9105012 | J48: =IF(H48="SCOPUS","N.A.",INDEX(학술지정보!$C$9:$O$50,MATCH($F48,학술지정보!$C$9:$C$50,0),13)) -> 0.00712 | K48: =IF(H48="SCOPUS","N.A.",INDEX(학술지정보!$C$9:$O$50,MATCH($F48,학술지정보!$C$9:$C$50,0),11)) -> Q2
B49: =B48+1 -> 44 | C49: 2020 | D49: 5 | E49: Effect of Nonlinear Soil Model on Seismic Response of Slopes Composed of Granular Soil | F49: Advances in Civil Engineering | G49: 박두희 | H49: =INDEX(학술지정보!$C$9:$O$50,MATCH($F49,학술지정보!$C$9:$C$50,0),2) -> SCI(E) | I49: =IF(H49="SCOPUS","N.A.",INDEX(학술지정보!$C$9:$O$50,MATCH($F49,학술지정보!$C$9:$C$50,0),12)) -> 1.4974039 | J49: =IF(H49="SCOPUS","N.A.",INDEX(학술지정보!$C$9:$O$50,MATCH($F49,학술지정보!$C$9:$C$50,0),13)) -> 0.01133 | K49: =IF(H49="SCOPUS","N.A.",INDEX(학술지정보!$C$9:$O$50,MATCH($F49,학술지정보!$C$9:$C$50,0),11)) -> Q3
B50: =B49+1 -> 45 | C50: 2020 | D50: 6 | E50: Estimation of Distribution Factor for Peak Penetration Resistance Prediction of Spudcan Foundations in Loose to Medium-Dense Sand Overlying Clay | F50: Applied Sciences-Basel | G50: 박두희 | H50: =INDEX(학술지정보!$C$9:$O$50,MATCH($F50,학술지정보!$C$9:$C$50,0),2) -> SCI(E) | I50: =IF(H50="SCOPUS","N.A.",INDEX(학술지정보!$C$9:$O$50,MATCH($F50,학술지정보!$C$9:$C$50,0),12)) -> 2.4518839 | J50: =IF(H50="SCOPUS","N.A.",INDEX(학술지정보!$C$9:$O$50,MATCH($F50,학술지정보!$C$9:$C$50,0),13)) -> 0.11103 | K50: =IF(H50="SCOPUS","N.A.",INDEX(학술지정보!$C$9:$O$50,MATCH($F50,학술지정보!$C$9:$C$50,0),11)) -> Q1
B51: =B50+1 -> 46 | C51: 2020 | D51: 7 | E51: Deformation characteristics of tunnel bottom after construction under geological conditions of long-term deformation | F51: Geomechanics and Engineering | G51: 박두희 | H51: =INDEX(학술지정보!$C$9:$O$50,MATCH($F51,학술지정보!$C$9:$C$50,0),2) -> SCI(E) | I51: =IF(H51="SCOPUS","N.A.",INDEX(학술지정보!$C$9:$O$50,MATCH($F51,학술지정보!$C$9:$C$50,0),12)) -> 2.4641026 | J51: =IF(H51="SCOPUS","N.A.",INDEX(학술지정보!$C$9:$O$50,MATCH($F51,학술지정보!$C$9:$C$50,0),13)) -> 0.00277 | K51: =IF(H51="SCOPUS","N.A.",INDEX(학술지정보!$C$9:$O$50,MATCH($F51,학술지정보!$C$9:$C$50,0),11)) -> Q2
B52: =B51+1 -> 47 | C52: 2021 | D52: 1 | E52: Development of Simulation Based p-Multipliers for Laterally Loaded Pile Groups in Granular Soil using 3D Nonlinear Finite Element Model | F52: Applied Sciences-Basel | G52: 박두희 | H52: =INDEX(학술지정보!$C$9:$O$50,MATCH($F52,학술지정보!$C$9:$C$50,0),2) -> SCI(E) | I52: =IF(H52="SCOPUS","N.A.",INDEX(학술지정보!$C$9:$O$50,MATCH($F52,학술지정보!$C$9:$C$50,0),12)) -> 2.4518839 | J52: =IF(H52="SCOPUS","N.A.",INDEX(학술지정보!$C$9:$O$50,MATCH($F52,학술지정보!$C$9:$C$50,0),13)) -> 0.11103 | K52: =IF(H52="SCOPUS","N.A.",INDEX(학술지정보!$C$9:$O$50,MATCH($F52,학술지정보!$C$9:$C$50,0),11)) -> Q1
B53: =B52+1 -> 48 | C53: 2021 | D53: 2 | E53: Testing Ground-Motion Prediction Equations against Moderate Magnitude Earthquake Data Recorded in Korea | F53: Bulletin of the Seismological Society of America | G53: 박두희 | H53: =INDEX(학술지정보!$C$9:$O$50,MATCH($F53,학술지정보!$C$9:$C$50,0),2) -> SCI(E) | I53: =IF(H53="SCOPUS","N.A.",INDEX(학술지정보!$C$9:$O$50,MATCH($F53,학술지정보!$C$9:$C$50,0),12)) -> 2.6493506 | J53: =IF(H53="SCOPUS","N.A.",INDEX(학술지정보!$C$9:$O$50,MATCH($F53,학술지정보!$C$9:$C$50,0),13)) -> 0.00845 | K53: =IF(H53="SCOPUS","N.A.",INDEX(학술지정보!$C$9:$O$50,MATCH($F53,학술지정보!$C$9:$C$50,0),11)) -> Q2
B54: =B53+1 -> 49 | C54: 2021 | D54: 3 | E54: Effect of characteristics of ground motion on seismically induced sliding surface of slopes | F54: Applied Sciences-Basel | G54: 박두희 | H54: =INDEX(학술지정보!$C$9:$O$50,MATCH($F54,학술지정보!$C$9:$C$50,0),2) -> SCI(E) | I54: =IF(H54="SCOPUS","N.A.",INDEX(학술지정보!$C$9:$O$50,MATCH($F54,학술지정보!$C$9:$C$50,0),12)) -> 2.4518839 | J54: =IF(H54="SCOPUS","N.A.",INDEX(학술지정보!$C$9:$O$50,MATCH($F54,학술지정보!$C$9:$C$50,0),13)) -> 0.11103 | K54: =IF(H54="SCOPUS","N.A.",INDEX(학술지정보!$C$9:$O$50,MATCH($F54,학술지정보!$C$9:$C$50,0),11)) -> Q1
B55: =B54+1 -> 50 | C55: 2021 | D55: 4 | E55: Simulation-based site amplification model for shallow bedrock sites in Korea | F55: Earthquake Spectra | G55: 박두희 | H55: =INDEX(학술지정보!$C$9:$O$50,MATCH($F55,학술지정보!$C$9:$C$50,0),2) -> SCI(E) | I55: =IF(H55="SCOPUS","N.A.",INDEX(학술지정보!$C$9:$O$50,MATCH($F55,학술지정보!$C$9:$C$50,0),12)) -> 3.1416667 | J55: =IF(H55="SCOPUS","N.A.",INDEX(학술지정보!$C$9:$O$50,MATCH($F55,학술지정보!$C$9:$C$50,0),13)) -> 0.00389 | K55: =IF(H55="SCOPUS","N.A.",INDEX(학술지정보!$C$9:$O$50,MATCH($F55,학술지정보!$C$9:$C$50,0),11)) -> Q2
B56: =B55+1 -> 51 | C56: 2021 | D56: 5 | E56: Testing performance of pore pressure models implemented in one-dimensional site response analysis program against centrifuge test data measured in mildly sloping ground | F56: Soil Dynamics and Earthquake Engineering | G56: 박두희 | H56: =INDEX(학술지정보!$C$9:$O$50,MATCH($F56,학술지정보!$C$9:$C$50,0),2) -> SCI(E) | I56: =IF(H56="SCOPUS","N.A.",INDEX(학술지정보!$C$9:$O$50,MATCH($F56,학술지정보!$C$9:$C$50,0),12)) -> 4.1788018 | J56: =IF(H56="SCOPUS","N.A.",INDEX(학술지정보!$C$9:$O$50,MATCH($F56,학술지정보!$C$9:$C$50,0),13)) -> 0.01773 | K56: =IF(H56="SCOPUS","N.A.",INDEX(학술지정보!$C$9:$O$50,MATCH($F56,학술지정보!$C$9:$C$50,0),11)) -> Q1
B57: =B56+1 -> 52 | C57: 2021 | D57: 6 | E57: Effect of intra-layer vs fluctuation on linear seismic site response | F57: KSCE Journal of Civil Engineering | H57: =INDEX(학술지정보!$C$9:$O$50,MATCH($F57,학술지정보!$C$9:$C$50,0),2) -> SCI(E) | I57: =IF(H57="SCOPUS","N.A.",INDEX(학술지정보!$C$9:$O$50,MATCH($F57,학술지정보!$C$9:$C$50,0),12)) -> 1.9105012 | J57: =IF(H57="SCOPUS","N.A.",INDEX(학술지정보!$C$9:$O$50,MATCH($F57,학술지정보!$C$9:$C$50,0),13)) -> 0.00712 | K57: =IF(H57="SCOPUS","N.A.",INDEX(학술지정보!$C$9:$O$50,MATCH($F57,학술지정보!$C$9:$C$50,0),11)) -> Q2
B58: =B57+1 -> 53 | C58: 2022 | D58: 1 | E58: Numerical response of pile foundations in granular soils subjected to lateral load | F58: Geomechanics and Engineering | G58: 박두희 | H58: =INDEX(학술지정보!$C$9:$O$50,MATCH($F58,학술지정보!$C$9:$C$50,0),2) -> SCI(E) | I58: =IF(H58="SCOPUS","N.A.",INDEX(학술지정보!$C$9:$O$50,MATCH($F58,학술지정보!$C$9:$C$50,0),12)) -> 2.4641026 | J58: =IF(H58="SCOPUS","N.A.",INDEX(학술지정보!$C$9:$O$50,MATCH($F58,학술지정보!$C$9:$C$50,0),13)) -> 0.00277 | K58: =IF(H58="SCOPUS","N.A.",INDEX(학술지정보!$C$9:$O$50,MATCH($F58,학술지정보!$C$9:$C$50,0),11)) -> Q2
B59: =B58+1 -> 54 | C59: 2022 | D59: 2 | E59: A Case Study on BIM Object-Based Earned Value and Process Management in Highway Construction | F59: KSCE Journal of Civil Engineering | H59: =INDEX(학술지정보!$C$9:$O$50,MATCH($F59,학술지정보!$C$9:$C$50,0),2) -> SCI(E) | I59: =IF(H59="SCOPUS","N.A.",INDEX(학술지정보!$C$9:$O$50,MATCH($F59,학술지정보!$C$9:$C$50,0),12)) -> 1.9105012 | J59: =IF(H59="SCOPUS","N.A.",INDEX(학술지정보!$C$9:$O$50,MATCH($F59,학술지정보!$C$9:$C$50,0),13)) -> 0.00712 | K59: =IF(H59="SCOPUS","N.A.",INDEX(학술지정보!$C$9:$O$50,MATCH($F59,학술지정보!$C$9:$C$50,0),11)) -> Q2
B60: =B59+1 -> 55 | C60: 2022 | D60: 3 | E60: Influence of horizontally variable soil properties on nonlinear seismic site response and ground motion coherency | F60: Earthquake Engineering & Structural Dynamics | H60: =INDEX(학술지정보!$C$9:$O$50,MATCH($F60,학술지정보!$C$9:$C$50,0),2) -> SCI(E) | I60: =IF(H60="SCOPUS","N.A.",INDEX(학술지정보!$C$9:$O$50,MATCH($F60,학술지정보!$C$9:$C$50,0),12)) -> 4.2625698 | J60: =IF(H60="SCOPUS","N.A.",INDEX(학술지정보!$C$9:$O$50,MATCH($F60,학술지정보!$C$9:$C$50,0),13)) -> 0.00601 | K60: =IF(H60="SCOPUS","N.A.",INDEX(학술지정보!$C$9:$O$50,MATCH($F60,학술지정보!$C$9:$C$50,0),11)) -> Q1
B61: =B60+1 -> 56 | C61: 2022 | D61: 4 | E61: Analysis of surface settlement troughs induced by twin shield tunnels in soil: A case study | F61: Geomechanics and Engineering | G61: 박두희 | H61: =INDEX(학술지정보!$C$9:$O$50,MATCH($F61,학술지정보!$C$9:$C$50,0),2) -> SCI(E) | I61: =IF(H61="SCOPUS","N.A.",INDEX(학술지정보!$C$9:$O$50,MATCH($F61,학술지정보!$C$9:$C$50,0),12)) -> 2.4641026 | J61: =IF(H61="SCOPUS","N.A.",INDEX(학술지정보!$C$9:$O$50,MATCH($F61,학술지정보!$C$9:$C$50,0),13)) -> 0.00277 | K61: =IF(H61="SCOPUS","N.A.",INDEX(학술지정보!$C$9:$O$50,MATCH($F61,학술지정보!$C$9:$C$50,0),11)) -> Q2
B62: =B61+1 -> 57 | C62: 2022 | D62: 5 | E62: Assessment of heavy metal and oil-contaminated silty sand treatment by electrical resistance heating method | F62: Applied Sciences-Basel | G62: 박두희 | H62: =INDEX(학술지정보!$C$9:$O$50,MATCH($F62,학술지정보!$C$9:$C$50,0),2) -> SCI(E) | I62: =IF(H62="SCOPUS","N.A.",INDEX(학술지정보!$C$9:$O$50,MATCH($F62,학술지정보!$C$9:$C$50,0),12)) -> 2.4518839 | J62: =IF(H62="SCOPUS","N.A.",INDEX(학술지정보!$C$9:$O$50,MATCH($F62,학술지정보!$C$9:$C$50,0),13)) -> 0.11103 | K62: =IF(H62="SCOPUS","N.A.",INDEX(학술지정보!$C$9:$O$50,MATCH($F62,학술지정보!$C$9:$C$50,0),11)) -> Q1
B63: =B62+1 -> 58 | C63: 2022 | D63: 6 | E63: Evaluation of indirect-heated microwave thermal desorption treatment on engineering properties of lubricant-contaminated soil | F63: Applied Sciences-Basel | G63: 박두희 | H63: =INDEX(학술지정보!$C$9:$O$50,MATCH($F63,학술지정보!$C$9:$C$50,0),2) -> SCI(E) | I63: =IF(H63="SCOPUS","N.A.",INDEX(학술지정보!$C$9:$O$50,MATCH($F63,학술지정보!$C$9:$C$50,0),12)) -> 2.4518839 | J63: =IF(H63="SCOPUS","N.A.",INDEX(학술지정보!$C$9:$O$50,MATCH($F63,학술지정보!$C$9:$C$50,0),13)) -> 0.11103 | K63: =IF(H63="SCOPUS","N.A.",INDEX(학술지정보!$C$9:$O$50,MATCH($F63,학술지정보!$C$9:$C$50,0),11)) -> Q1
B64: =B63+1 -> 59 | C64: 2022 | D64: 7 | E64: Seismic fragility assessment for cantilever retaining walls with various backfill slopes in South Korea | F64: Soil Dynamics and Earthquake Engineering | H64: =INDEX(학술지정보!$C$9:$O$50,MATCH($F64,학술지정보!$C$9:$C$50,0),2) -> SCI(E) | I64: =IF(H64="SCOPUS","N.A.",INDEX(학술지정보!$C$9:$O$50,MATCH($F64,학술지정보!$C$9:$C$50,0),12)) -> 4.1788018 | J64: =IF(H64="SCOPUS","N.A.",INDEX(학술지정보!$C$9:$O$50,MATCH($F64,학술지정보!$C$9:$C$50,0),13)) -> 0.01773 | K64: =IF(H64="SCOPUS","N.A.",INDEX(학술지정보!$C$9:$O$50,MATCH($F64,학술지정보!$C$9:$C$50,0),11)) -> Q1
B65: =B64+1 -> 60 | C65: 2022 | D65: 8 | E65: Novel hybrid MFO-XGBoost model for predicting the racking ratio of the rectangular tunnels subjected to seismic loading | F65: Transportation Geotechnics | G65: 박두희 | H65: =INDEX(학술지정보!$C$9:$O$50,MATCH($F65,학술지정보!$C$9:$C$50,0),2) -> SCI(E) | I65: =IF(H65="SCOPUS","N.A.",INDEX(학술지정보!$C$9:$O$50,MATCH($F65,학술지정보!$C$9:$C$50,0),12)) -> 4.8956159 | J65: =IF(H65="SCOPUS","N.A.",INDEX(학술지정보!$C$9:$O$50,MATCH($F65,학술지정보!$C$9:$C$50,0),13)) -> 0.00569 | K65: =IF(H65="SCOPUS","N.A.",INDEX(학술지정보!$C$9:$O$50,MATCH($F65,학술지정보!$C$9:$C$50,0),11)) -> Q1
B66: =B65+1 -> 61 | C66: 2022 | D66: 9 | E66: Development of site classification system and seismic site coefficients for Korea | F66: Journal of Earthquake Engineering | G66: 박두희 | H66: =INDEX(학술지정보!$C$9:$O$50,MATCH($F66,학술지정보!$C$9:$C$50,0),2) -> SCI(E) | I66: =IF(H66="SCOPUS","N.A.",INDEX(학술지정보!$C$9:$O$50,MATCH($F66,학술지정보!$C$9:$C$50,0),12)) -> 2.5113872 | J66: =IF(H66="SCOPUS","N.A.",INDEX(학술지정보!$C$9:$O$50,MATCH($F66,학술지정보!$C$9:$C$50,0),13)) -> 0.00445 | K66: =IF(H66="SCOPUS","N.A.",INDEX(학술지정보!$C$9:$O$50,MATCH($F66,학술지정보!$C$9:$C$50,0),11)) -> Q2
B67: =B66+1 -> 62 | C67: 2023 | D67: 1 | E67: Site amplification prediction model of shallow bedrock sites based on machine learning models | F67: Soil Dynamics and Earthquake Engineering | G67: 박두희 | H67: =INDEX(학술지정보!$C$9:$O$50,MATCH($F67,학술지정보!$C$9:$C$50,0),2) -> SCI(E) | I67: =IF(H67="SCOPUS","N.A.",INDEX(학술지정보!$C$9:$O$50,MATCH($F67,학술지정보!$C$9:$C$50,0),12)) -> 4.1788018 | J67: =IF(H67="SCOPUS","N.A.",INDEX(학술지정보!$C$9:$O$50,MATCH($F67,학술지정보!$C$9:$C$50,0),13)) -> 0.01773 | K67: =IF(H67="SCOPUS","N.A.",INDEX(학술지정보!$C$9:$O$50,MATCH($F67,학술지정보!$C$9:$C$50,0),11)) -> Q1
B68: =B67+1 -> 63 | C68: 2023 | D68: 2 | E68: Seismic damage evaluation of double-box metro tunnel accounting for soil stiffness using three-dimensional finite element analysis | F68: Structures | G68: 박두희 | H68: =INDEX(학술지정보!$C$9:$O$50,MATCH($F68,학술지정보!$C$9:$C$50,0),2) -> SCI(E) | I68: =IF(H68="SCOPUS","N.A.",INDEX(학술지정보!$C$9:$O$50,MATCH($F68,학술지정보!$C$9:$C$50,0),12)) -> 3.8642397 | J68: =IF(H68="SCOPUS","N.A.",INDEX(학술지정보!$C$9:$O$50,MATCH($F68,학술지정보!$C$9:$C$50,0),13)) -> 0.01888 | K68: =IF(H68="SCOPUS","N.A.",INDEX(학술지정보!$C$9:$O$50,MATCH($F68,학술지정보!$C$9:$C$50,0),11)) -> Q1
B69: =B68+1 -> 64 | C69: 2023 | D69: 3 | E69: Rapid damage state classification for underground box tunnels using machine learning | F69: Structure and Infrastructure Engineering | G69: 박두희 | H69: =INDEX(학술지정보!$C$9:$O$50,MATCH($F69,학술지정보!$C$9:$C$50,0),2) -> SCI(E) | I69: =IF(H69="SCOPUS","N.A.",INDEX(학술지정보!$C$9:$O$50,MATCH($F69,학술지정보!$C$9:$C$50,0),12)) -> 2.5955056 | J69: =IF(H69="SCOPUS","N.A.",INDEX(학술지정보!$C$9:$O$50,MATCH($F69,학술지정보!$C$9:$C$50,0),13)) -> 0.00428 | K69: =IF(H69="SCOPUS","N.A.",INDEX(학술지정보!$C$9:$O$50,MATCH($F69,학술지정보!$C$9:$C$50,0),11)) -> Q2
B70: =B69+1 -> 65 | C70: 2023 | D70: 4 | E70: Selection of efficient earthquake intensity measures for evaluating seismic fragility of concrete face rockfill dam | F70: Computers and Geotechnics | H70: =INDEX(학술지정보!$C$9:$O$50,MATCH($F70,학술지정보!$C$9:$C$50,0),2) -> SCI(E) | I70: =IF(H70="SCOPUS","N.A.",INDEX(학술지정보!$C$9:$O$50,MATCH($F70,학술지정보!$C$9:$C$50,0),12)) -> 5.2684109 | J70: =IF(H70="SCOPUS","N.A.",INDEX(학술지정보!$C$9:$O$50,MATCH($F70,학술지정보!$C$9:$C$50,0),13)) -> 0.01988 | K70: =IF(H70="SCOPUS","N.A.",INDEX(학술지정보!$C$9:$O$50,MATCH($F70,학술지정보!$C$9:$C$50,0),11)) -> Q1
B71: =B70+1 -> 66 | C71: 2023 | D71: 5 | E71: Estimation of VS30 using shallow depth time-averaged shear wave velocity of Rawalpindi?Islamabad, Pakistan | F71: Geomatics Natural Hazards & Risk | G71: 박두희 | H71: =INDEX(학술지정보!$C$9:$O$50,MATCH($F71,학술지정보!$C$9:$C$50,0),2) -> SCI(E) | I71: =IF(H71="SCOPUS","N.A.",INDEX(학술지정보!$C$9:$O$50,MATCH($F71,학술지정보!$C$9:$C$50,0),12)) -> 4.4870849 | J71: =IF(H71="SCOPUS","N.A.",INDEX(학술지정보!$C$9:$O$50,MATCH($F71,학술지정보!$C$9:$C$50,0),13)) -> 0.00384 | K71: =IF(H71="SCOPUS","N.A.",INDEX(학술지정보!$C$9:$O$50,MATCH($F71,학술지정보!$C$9:$C$50,0),11)) -> Q1
B72: =B71+1 -> 67 | C72: 2024 | D72: 1 | E72: Geotechnical data based seismic microzonation in Seoul using region-specific and code-based site amplification models | F72: Bulletin of Earthquake Engineering | G72: 박두희 | H72: =INDEX(학술지정보!$C$9:$O$50,MATCH($F72,학술지정보!$C$9:$C$50,0),2) -> SCI(E) | I72: =IF(H72="SCOPUS","N.A.",INDEX(학술지정보!$C$9:$O$50,MATCH($F72,학술지정보!$C$9:$C$50,0),12)) -> 3.7847866 | J72: =IF(H72="SCOPUS","N.A.",INDEX(학술지정보!$C$9:$O$50,MATCH($F72,학술지정보!$C$9:$C$50,0),13)) -> 0.00883 | K72: =IF(H72="SCOPUS","N.A.",INDEX(학술지정보!$C$9:$O$50,MATCH($F72,학술지정보!$C$9:$C$50,0),11)) -> Q1
B73: =B72+1 -> 68 | C73: 2024 | D73: 2 | E73: Evaluation of Modified Frequency Dependent Equivalent Linear Method for Deconvolution Site Response Analysis | F73: Journal of Earthquake Engineering | H73: =INDEX(학술지정보!$C$9:$O$50,MATCH($F73,학술지정보!$C$9:$C$50,0),2) -> SCI(E) | I73: =IF(H73="SCOPUS","N.A.",INDEX(학술지정보!$C$9:$O$50,MATCH($F73,학술지정보!$C$9:$C$50,0),12)) -> 2.5113872 | J73: =IF(H73="SCOPUS","N.A.",INDEX(학술지정보!$C$9:$O$50,MATCH($F73,학술지정보!$C$9:$C$50,0),13)) -> 0.00445 | K73: =IF(H73="SCOPUS","N.A.",INDEX(학술지정보!$C$9:$O$50,MATCH($F73,학술지정보!$C$9:$C$50,0),11)) -> Q2
B74: =B73+1 -> 69 | C74: 2024 | D74: 3 | E74: Seismic Performance Management of Aged Road Facilities in Korea: Part 1 — Fragility Curves | F74: KSCE Journal of Civil Engineering | H74: =INDEX(학술지정보!$C$9:$O$50,MATCH($F74,학술지정보!$C$9:$C$50,0),2) -> SCI(E) | I74: =IF(H74="SCOPUS","N.A.",INDEX(학술지정보!$C$9:$O$50,MATCH($F74,학술지정보!$C$9:$C$50,0),12)) -> 1.9105012 | J74: =IF(H74="SCOPUS","N.A.",INDEX(학술지정보!$C$9:$O$50,MATCH($F74,학술지정보!$C$9:$C$50,0),13)) -> 0.00712 | K74: =IF(H74="SCOPUS","N.A.",INDEX(학술지정보!$C$9:$O$50,MATCH($F74,학술지정보!$C$9:$C$50,0),11)) -> Q2
B75: =B74+1 -> 70 | C75: 2024 | D75: 4 | E75: Probabilistic assessment of seismic performance of slopes considering the sensitivity of sliding surface to input motion | F75: Soil Dynamics and Earthquake Engineering | G75: 박두희 | H75: =INDEX(학술지정보!$C$9:$O$50,MATCH($F75,학술지정보!$C$9:$C$50,0),2) -> SCI(E) | I75: =IF(H75="SCOPUS","N.A.",INDEX(학술지정보!$C$9:$O$50,MATCH($F75,학술지정보!$C$9:$C$50,0),12)) -> 4.1788018 | J75: =IF(H75="SCOPUS","N.A.",INDEX(학술지정보!$C$9:$O$50,MATCH($F75,학술지정보!$C$9:$C$50,0),13)) -> 0.01773 | K75: =IF(H75="SCOPUS","N.A.",INDEX(학술지정보!$C$9:$O$50,MATCH($F75,학술지정보!$C$9:$C$50,0),11)) -> Q1
B76: =B75+1 -> 71 | C76: 2024 | D76: 5 | E76: Predicting Blast-Induced Damage and Dynamic Response of Drill-and-Blast Tunnel Using Three-Dimensional Finite Element Analysis | F76: Applied Sciences-Basel | G76: 박두희 | H76: =INDEX(학술지정보!$C$9:$O$50,MATCH($F76,학술지정보!$C$9:$C$50,0),2) -> SCI(E) | I76: =IF(H76="SCOPUS","N.A.",INDEX(학술지정보!$C$9:$O$50,MATCH($F76,학술지정보!$C$9:$C$50,0),12)) -> 2.4518839 | J76: =IF(H76="SCOPUS","N.A.",INDEX(학술지정보!$C$9:$O$50,MATCH($F76,학술지정보!$C$9:$C$50,0),13)) -> 0.11103 | K76: =IF(H76="SCOPUS","N.A.",INDEX(학술지정보!$C$9:$O$50,MATCH($F76,학술지정보!$C$9:$C$50,0),11)) -> Q1
B77: =B76+1 -> 72 | C77: 2024 | D77: 6 | E77: Re-evaluation of One-Dimensional Site Response Methods Using Vs Adjusted Borehole Arrays | F77: KSCE Journal of Civil Engineering | H77: =INDEX(학술지정보!$C$9:$O$50,MATCH($F77,학술지정보!$C$9:$C$50,0),2) -> SCI(E) | I77: =IF(H77="SCOPUS","N.A.",INDEX(학술지정보!$C$9:$O$50,MATCH($F77,학술지정보!$C$9:$C$50,0),12)) -> 1.9105012 | J77: =IF(H77="SCOPUS","N.A.",INDEX(학술지정보!$C$9:$O$50,MATCH($F77,학술지정보!$C$9:$C$50,0),13)) -> 0.00712 | K77: =IF(H77="SCOPUS","N.A.",INDEX(학술지정보!$C$9:$O$50,MATCH($F77,학술지정보!$C$9:$C$50,0),11)) -> Q2
B78: =B77+1 -> 73 | C78: 2024 | D78: 7 | E78: Spatial coherency analysis of seismic motions from a hard rock site dense array in Busan, Korea | F78: Bulletin of Earthquake Engineering | G78: 박두희 | H78: =INDEX(학술지정보!$C$9:$O$50,MATCH($F78,학술지정보!$C$9:$C$50,0),2) -> SCI(E) | I78: =IF(H78="SCOPUS","N.A.",INDEX(학술지정보!$C$9:$O$50,MATCH($F78,학술지정보!$C$9:$C$50,0),12)) -> 3.7847866 | J78: =IF(H78="SCOPUS","N.A.",INDEX(학술지정보!$C$9:$O$50,MATCH($F78,학술지정보!$C$9:$C$50,0),13)) -> 0.00883 | K78: =IF(H78="SCOPUS","N.A.",INDEX(학술지정보!$C$9:$O$50,MATCH($F78,학술지정보!$C$9:$C$50,0),11)) -> Q1
B79: =B78+1 -> 74 | C79: 2024 | D79: 8 | E79: Assessments of Liquefaction Triggering Using In Situ and Laboratory Tests in Pohang, South Korea | F79: Journal of Geotechnical and Geoenvironmental Engineering | H79: =INDEX(학술지정보!$C$9:$O$50,MATCH($F79,학술지정보!$C$9:$C$50,0),2) -> SCI(E) | I79: =IF(H79="SCOPUS","N.A.",INDEX(학술지정보!$C$9:$O$50,MATCH($F79,학술지정보!$C$9:$C$50,0),12)) -> 3.8971292 | J79: =IF(H79="SCOPUS","N.A.",INDEX(학술지정보!$C$9:$O$50,MATCH($F79,학술지정보!$C$9:$C$50,0),13)) -> 0.00834 | K79: =IF(H79="SCOPUS","N.A.",INDEX(학술지정보!$C$9:$O$50,MATCH($F79,학술지정보!$C$9:$C$50,0),11)) -> Q1
B80: =B79+1 -> 75 | C80: 2024 | D80: 9 | E80: Novel method to estimate horizontal variability of shear wave velocity through multichannel analysis of surface waves | F80: Engineering Geology | G80: 박두희 | H80: =INDEX(학술지정보!$C$9:$O$50,MATCH($F80,학술지정보!$C$9:$C$50,0),2) -> SCI(E) | I80: =IF(H80="SCOPUS","N.A.",INDEX(학술지정보!$C$9:$O$50,MATCH($F80,학술지정보!$C$9:$C$50,0),12)) -> 6.8949367 | J80: =IF(H80="SCOPUS","N.A.",INDEX(학술지정보!$C$9:$O$50,MATCH($F80,학술지정보!$C$9:$C$50,0),13)) -> 0.02439 | K80: =IF(H80="SCOPUS","N.A.",INDEX(학술지정보!$C$9:$O$50,MATCH($F80,학술지정보!$C$9:$C$50,0),11)) -> Q1
B81: =B80+1 -> 76 | C81: 2025 | D81: 1 | E81: Seismic damage assessment of RC box tunnels using pseudostatic approach considering soil-structure interaction | F81: Journal of Structural Integrity and Maintenance
B82: =B81+1 -> 77 | C82: 2025 | D82: 2 | E82: Sensitivity Analysis of Numerical Coherency Model for Rock Sites | F82: Applied Sciences
B83: =B82+1 -> 78 | C83: 2025 | D83: 3 | E83: Numerical Estimation of Seismic Earth Pressure on Walls of Basements Underlain by Bedrock | F83: Earthquake Engineering & Structural Dynamics
B84: =B83+1 -> 79 | C84: 2025 | D84: 4 | E84: Assessment of liquefaction potential using simplified method and one-dimensional effective stress ground response analysis during 2017 Pohang earthquake in South Korea | F84: Soil Dynamics and Earthquake Engineering
B85: =B84+1 -> 80 | C85: 2025 | D85: 5 | E85: Rapid damage state classification for underground box tunnels using machine learning | F85: Structure and Infrastructure Engineering
B86: =B85+1 -> 81 | C86: 2025 | D86: 6
B87: =B86+1 -> 82 | C87: 2025 | D87: 7

Sheet GSR group 국내논문 (2006~2024)
D2: 색상
E3: : 입력해야 할 부분
B8: 번호 | C8: 연도 | D8: 연번 | E8: 논문제목(한글) | F8: 논문제목(영어) | G8: 게재정보 | S8: 총 저자
G9: 게재논문집명(한글) | H9: 게재논문집명(영어) | I9: 학술지구분 | J9: ISSN | K9: e-ISSN | L9: DOI | M9: 학술대회발표구분 | N9: Volume (권) | O9: Issue (호) | P9: No. | Q9: 쪽 | R9: 연월(YYYYMM) | S9: 제1저자 | T9: 교신 저자 | U9: 기타 저자1 | V9: 기타 저자2 | W9: 기타 저자3 | X9: 기타 저자4 | Y9: 기타 저자5 | Z9: 기타 저자6 | AA9: 기타 저자7 | AB9: 총 저자수 (T)
B10: 1 | C10: 2005 | D10: 1 | E10: "국내 내륙의 설계 지반 운동 결정을 위한 지반 증폭 계수 및 지반 분류 체계 제안" 논문에 관한 토의 | F10: Development of equivalent linear algorithm procedure that accounts for the loading frequency dependent soil behavior | G10: 한국지반공학회 논문집 | H10: Journal of the Korean Geotechnical Society | I10: =INDEX(학술지정보!$C$9:$O$50,MATCH($H10,학술지정보!$C$9:$C$50,0),2) -> 비SCI | J10: {=INDEX(학술지정보!$C$9:$O$50,MATCH($H10,학술지정보!$C$9:$C$50,0),3)} -> 1229-2427 | K10: {=IF(INDEX(학술지정보!$C$9:$O$50,MATCH($H10,학술지정보!$C$9:$C$50,0),5)=0,"",INDEX(학술지정보!$C$9:$O$50,MATCH($H10,학술지정보!$C$9:$C$50,0),5))} -> 2288-646X | AB10: =COUNTA(S10:AA10) -> 0
B11: =B10+1 -> 2 | C11: 2006 | D11: 1 | E11: 공간적 변이성을 고려한 지진파 생성 | F11: Spatially variable ground motion simulation | G11: 한국지반공학회 논문집 | H11: Journal of the Korean Geotechnical Society | I11: =INDEX(학술지정보!$C$9:$O$50,MATCH($H11,학술지정보!$C$9:$C$50,0),2) -> 비SCI | J11: {=INDEX(학술지정보!$C$9:$O$50,MATCH($H11,학술지정보!$C$9:$C$50,0),3)} -> 1229-2427 | K11: {=IF(INDEX(학술지정보!$C$9:$O$50,MATCH($H11,학술지정보!$C$9:$C$50,0),5)=0,"",INDEX(학술지정보!$C$9:$O$50,MATCH($H11,학술지정보!$C$9:$C$50,0),5))} -> 2288-646X
B12: =B11+1 -> 3 | C12: 2006 | D12: 2 | E12: 하중의 주파수에 지배받는 흙의 동적거동을 고려하는 등가선형해석방법 개발 | F12: Development of equivalent linear algorithm procedure that accounts for the loading frequency dependent soil behavior | G12: 한국지반공학회 논문집 | H12: Journal of the Korean Geotechnical Society | I12: =INDEX(학술지정보!$C$9:$O$50,MATCH($H12,학술지정보!$C$9:$C$50,0),2) -> 비SCI | J12: {=INDEX(학술지정보!$C$9:$O$50,MATCH($H12,학술지정보!$C$9:$C$50,0),3)} -> 1229-2427 | K12: {=IF(INDEX(학술지정보!$C$9:$O$50,MATCH($H12,학술지정보!$C$9:$C$50,0),5)=0,"",INDEX(학술지정보!$C$9:$O$50,MATCH($H12,학술지정보!$C$9:$C$50,0),5))} -> 2288-646X | AB12: =COUNTA(S12:AA12) -> 0
B13: =B12+1 -> 4 | C13: 2006 | D13: 3 | E13: 하중의 주파수에 의하여 지배받은 흙의 동적 거동이 부지증폭현상에 미치는 영향 | F13: Effect of Loading Frequency Dependent Soil Behavior on Seismic Site Effects | G13: 한국지반공학회 논문집 | H13: Journal of the Korean Geotechnical Society
B14: =B13+1 -> 5 | C14: 2007 | D14: 1 | E14: Round Robin Test 기법을 통한 다양한 지반응답해석 접근법 비교 연구 | F14: A Comparative Study of Various Approaches of Seismic Ground Response Analyses by Using a Round Robin Test Methodology | G14: 한국지반공학회 논문집 | H14: Journal of the Korean Geotechnical Society | I14: =INDEX(학술지정보!$C$9:$O$50,MATCH($H14,학술지정보!$C$9:$C$50,0),2) -> 비SCI | J14: {=INDEX(학술지정보!$C$9:$O$50,MATCH($H14,학술지정보!$C$9:$C$50,0),3)} -> 1229-2427 | K14: {=IF(INDEX(학술지정보!$C$9:$O$50,MATCH($H14,학술지정보!$C$9:$C$50,0),5)=0,"",INDEX(학술지정보!$C$9:$O$50,MATCH($H14,학술지정보!$C$9:$C$50,0),5))} -> 2288-646X | AB14: =COUNTA(S14:AA14) -> 0
B15: =B14+1 -> 6 | C15: 2007 | D15: 2 | E15: 지반응답해석 Round Robin Test 결과 종합적 분석 연구 | F15: Comprehensive Evaluation of Results of Ground Response analysis Round Robin Test | G15: 한국지반공학회 논문집 | H15: Journal of the Korean Geotechnical Society | I15: =INDEX(학술지정보!$C$9:$O$50,MATCH($H15,학술지정보!$C$9:$C$50,0),2) -> 비SCI | J15: {=INDEX(학술지정보!$C$9:$O$50,MATCH($H15,학술지정보!$C$9:$C$50,0),3)} -> 1229-2427 | K15: {=IF(INDEX(학술지정보!$C$9:$O$50,MATCH($H15,학술지정보!$C$9:$C$50,0),5)=0,"",INDEX(학술지정보!$C$9:$O$50,MATCH($H15,학술지정보!$C$9:$C$50,0),5))} -> 2288-646X | AB15: =COUNTA(S15:AA15) -> 0
B16: =B15+1 -> 7 | C16: 2008 | D16: 1 | E16: 이축압축 조건에서 실험체/재하판 경계면상의 마찰저항 감소를 위한 롤러 지지된 피스톤 형태의 하중재하판의 개발 | F16: Development of a roller supported piston type loading platen reducing the frictional restraint along the interfaces between the specimen and platens under the biaxial loading condition | G16: 한국터널지하공간학회 논문집 | H16: Journal of Korean Tunnelling and Underground Space Association | I16: =INDEX(학술지정보!$C$9:$O$50,MATCH($H16,학술지정보!$C$9:$C$50,0),2) -> 비SCI | J16: {=INDEX(학술지정보!$C$9:$O$50,MATCH($H16,학술지정보!$C$9:$C$50,0),3)} -> 2233-8292 | K16: {=IF(INDEX(학술지정보!$C$9:$O$50,MATCH($H16,학술지정보!$C$9:$C$50,0),5)=0,"",INDEX(학술지정보!$C$9:$O$50,MATCH($H16,학술지정보!$C$9:$C$50,0),5))} -> 2287-4747 | AB16: =COUNTA(S16:AA16) -> 0
B17: =B16+1 -> 8 | C17: 2008 | D17: 2 | E17: 주파수 의존성을 고려한 등가선형해석기법의 검증 | F17: Verification of Frequency-dependent equivalent linear method | G17: 한국지반공학회 논문집 | H17: Journal of the Korean Geotechnical Society | I17: =INDEX(학술지정보!$C$9:$O$50,MATCH($H17,학술지정보!$C$9:$C$50,0),2) -> 비SCI | J17: {=INDEX(학술지정보!$C$9:$O$50,MATCH($H17,학술지정보!$C$9:$C$50,0),3)} -> 1229-2427 | K17: {=IF(INDEX(학술지정보!$C$9:$O$50,MATCH($H17,학술지정보!$C$9:$C$50,0),5)=0,"",INDEX(학술지정보!$C$9:$O$50,MATCH($H17,학술지정보!$C$9:$C$50,0),5))} -> 2288-646X | AB17: =COUNTA(S17:AA17) -> 0
B18: =B17+1 -> 9 | C18: 2008 | D18: 3 | E18: 한국 토양 프로파일의 비선형 지반 효과 평가 | F18: Estimation of nonlinear site effects of soil profiles in Korea | G18: 한국지반공학회 논문집 | H18: Journal of the Korean Geotechnical Society | I18: =INDEX(학술지정보!$C$9:$O$50,MATCH($H18,학술지정보!$C$9:$C$50,0),2) -> 비SCI | J18: {=INDEX(학술지정보!$C$9:$O$50,MATCH($H18,학술지정보!$C$9:$C$50,0),3)} -> 1229-2427 | K18: {=IF(INDEX(학술지정보!$C$9:$O$50,MATCH($H18,학술지정보!$C$9:$C$50,0),5)=0,"",INDEX(학술지정보!$C$9:$O$50,MATCH($H18,학술지정보!$C$9:$C$50,0),5))} -> 2288-646X | AB18: =COUNTA(S18:AA18) -> 0
B19: =B18+1 -> 10 | C19: 2008 | D19: 4 | E19: 공간적으로 변화하는 지반 운동에 따른 터널 응답 예측 | F19: Prediction of Tunnel Response by Spatially Variable Ground Motion | G19: 한국지반환경공학회 논문집 | H19: Journal of the Korean Geoenvironmental Society | I19: =INDEX(학술지정보!$C$9:$O$50,MATCH($H19,학술지정보!$C$9:$C$50,0),2) -> 비SCI | J19: {=INDEX(학술지정보!$C$9:$O$50,MATCH($H19,학술지정보!$C$9:$C$50,0),3)} -> 1598-0820 | K19: {=IF(INDEX(학술지정보!$C$9:$O$50,MATCH($H19,학술지정보!$C$9:$C$50,0),5)=0,"",INDEX(학술지정보!$C$9:$O$50,MATCH($H19,학술지정보!$C$9:$C$50,0),5))} | AB19: =COUNTA(S19:AA19) -> 0
B20: =B19+1 -> 11 | C20: 2009 | D20: 1 | E20: 국내 확률론적 지진계수 개발 | F20: Development of Probabilistic Seismic Coefficients of Korea | G20: 한국지반공학회 논문집 | H20: Journal of the Korean Geotechnical Society | I20: =INDEX(학술지정보!$C$9:$O$50,MATCH($H20,학술지정보!$C$9:$C$50,0),2) -> 비SCI | J20: {=INDEX(학술지정보!$C$9:$O$50,MATCH($H20,학술지정보!$C$9:$C$50,0),3)} -> 1229-2427 | K20: {=IF(INDEX(학술지정보!$C$9:$O$50,MATCH($H20,학술지정보!$C$9:$C$50,0),5)=0,"",INDEX(학술지정보!$C$9:$O$50,MATCH($H20,학술지정보!$C$9:$C$50,0),5))} -> 2288-646X | AB20: =COUNTA(S20:AA20) -> 0
B21: =B20+1 -> 12 | C21: 2009 | D21: 2 | E21: 신 유사정적 사면안정해석 기법 개발 | F21: Development of Novel Method of Seismic Slope Stability Analysis | G21: 한국지반환경공학회 논문집 | H21: Journal of the Korean Geoenvironmental Society
B22: =B21+1 -> 13 | C22: 2009 | D22: 3 | E22: 이축압축 조건에서 공동이 존재하는 유사 절리암반 모델의 파괴 거동 | F22: Fracture Behaviors of Jointed Rock Model Containing an Opening Under Biaxial Compression Condition | G22: 한국지반공학회 논문집 | H22: Journal of the Korean Geotechnical Society | I22: =INDEX(학술지정보!$C$9:$O$50,MATCH($H22,학술지정보!$C$9:$C$50,0),2) -> 비SCI | J22: {=INDEX(학술지정보!$C$9:$O$50,MATCH($H22,학술지정보!$C$9:$C$50,0),3)} -> 1229-2427 | K22: {=IF(INDEX(학술지정보!$C$9:$O$50,MATCH($H22,학술지정보!$C$9:$C$50,0),5)=0,"",INDEX(학술지정보!$C$9:$O$50,MATCH($H22,학술지정보!$C$9:$C$50,0),5))} -> 2288-646X | AB22: =COUNTA(S22:AA22) -> 0
B23: =B22+1 -> 14 | C23: 2009 | D23: 4 | E23: 신(新) 확률론적 지진재해분석 및 국내 지진계수 개발 Part I: 신(新) 확률론적 지진재해분석 기법 적용 및 검증 | F23: Development of New Probabilistic Seismic Hazard Analysis and Seismic Coefficients of Korea Part I: Application and Verification of a Novel Probabilistic Seismic Hazard Analysis Procedure | G23: 한국지반환경공학회 논문집 | H23: Journal of the Korean Geoenvironmental Society | I23: =INDEX(학술지정보!$C$9:$O$50,MATCH($H23,학술지정보!$C$9:$C$50,0),2) -> 비SCI | J23: {=INDEX(학술지정보!$C$9:$O$50,MATCH($H23,학술지정보!$C$9:$C$50,0),3)} -> 1598-0820 | K23: {=IF(INDEX(학술지정보!$C$9:$O$50,MATCH($H23,학술지정보!$C$9:$C$50,0),5)=0,"",INDEX(학술지정보!$C$9:$O$50,MATCH($H23,학술지정보!$C$9:$C$50,0),5))} | AB23: =COUNTA(S23:AA23) -> 0
B24: =B23+1 -> 15 | C24: 2009 | D24: 5 | E24: 한국의 새로운 확률론적 지진 위해도 해석 및 지진 계수 개발 II: 확률론적 지반 계수 도출 | F24: Development of New Probabilistic Seismic Hazard Analysis and Seismic Coefficients of Korea Part II: Derivation of Probabilistic Site Coefficients | G24: 한국지반환경공학회 논문집 | H24: Journal of the Korean Geoenvironmental Society | I24: =INDEX(학술지정보!$C$9:$O$50,MATCH($H24,학술지정보!$C$9:$C$50,0),2) -> 비SCI | J24: {=INDEX(학술지정보!$C$9:$O$50,MATCH($H24,학술지정보!$C$9:$C$50,0),3)} -> 1598-0820 | K24: {=IF(INDEX(학술지정보!$C$9:$O$50,MATCH($H24,학술지정보!$C$9:$C$50,0),5)=0,"",INDEX(학술지정보!$C$9:$O$50,MATCH($H24,학술지정보!$C$9:$C$50,0),5))} | AB24: =COUNTA(S24:AA24) -> 0
B25: =B24+1 -> 16 | C25: 2009 | D25: 6 | E25: 간소화된 방법과 유효 응력 지반 응답 해석을 이용한 액상화 가능성 평가 | F25: Evaluation of liquefaction potential with simplified method and effective-stress site response analysis | G25: 한국지반공학회 논문집 | H25: Journal of the Korean Geotechnical Society | I25: =INDEX(학술지정보!$C$9:$O$50,MATCH($H25,학술지정보!$C$9:$C$50,0),2) -> 비SCI | J25: {=INDEX(학술지정보!$C$9:$O$50,MATCH($H25,학술지정보!$C$9:$C$50,0),3)} -> 1229-2427 | K25: {=IF(INDEX(학술지정보!$C$9:$O$50,MATCH($H25,학술지정보!$C$9:$C$50,0),5)=0,"",INDEX(학술지정보!$C$9:$O$50,MATCH($H25,학술지정보!$C$9:$C$50,0),5))} -> 2288-646X | AB25: =COUNTA(S25:AA25) -> 0
B26: =B25+1 -> 17 | C26: 2010 | D26: 1 | E26: 터널의 횡방향 지진 해석 II: 동적 해석을 통한 지진 터널 응답 평가 | F26: Seismic analysis of tunnel in transverse direction part II: Evaluation of seismic tunnel response via dynamic analysis | G26: 한국지반공학회 논문집 | H26: Journal of the Korean Geotechnical Society | I26: =INDEX(학술지정보!$C$9:$O$50,MATCH($H26,학술지정보!$C$9:$C$50,0),2) -> 비SCI | J26: {=INDEX(학술지정보!$C$9:$O$50,MATCH($H26,학술지정보!$C$9:$C$50,0),3)} -> 1229-2427 | K26: {=IF(INDEX(학술지정보!$C$9:$O$50,MATCH($H26,학술지정보!$C$9:$C$50,0),5)=0,"",INDEX(학술지정보!$C$9:$O$50,MATCH($H26,학술지정보!$C$9:$C$50,0),5))} -> 2288-646X | AB26: =COUNTA(S26:AA26) -> 0
B27: =B26+1 -> 18 | C27: 2010 | D27: 2 | E27: 터널의 횡방향 지진 해석 I: 지진 변위를 이용한 터널 응답 추정 | F27: Seismic analysis of tunnel in transverse direction part I: Estimation of seismic tunnel response via method of seismic displacement | G27: 한국지반공학회 논문집 | H27: Journal of the Korean Geotechnical Society | I27: =INDEX(학술지정보!$C$9:$O$50,MATCH($H27,학술지정보!$C$9:$C$50,0),2) -> 비SCI | J27: {=INDEX(학술지정보!$C$9:$O$50,MATCH($H27,학술지정보!$C$9:$C$50,0),3)} -> 1229-2427 | K27: {=IF(INDEX(학술지정보!$C$9:$O$50,MATCH($H27,학술지정보!$C$9:$C$50,0),5)=0,"",INDEX(학술지정보!$C$9:$O$50,MATCH($H27,학술지정보!$C$9:$C$50,0),5))} -> 2288-646X | AB27: =COUNTA(S27:AA27) -> 0
B28: =B27+1 -> 19 | C28: 2010 | D28: 3 | E28: 스탠딩 칼럼 웰 지열 히트 펌프 시스템의 수치 시뮬레이션 II: 스탠딩 칼럼 웰 성능 평가를 위한 매개변수 연구 | F28: Numerical Simulation of Standing Column Well Ground Heat Pump System Part II: Parametric Study for Evaluation of the Performance of Standing Column Well | G28: 한국지반공학회 논문집 | H28: Journal of the Korean Geotechnical Society | I28: =INDEX(학술지정보!$C$9:$O$50,MATCH($H28,학술지정보!$C$9:$C$50,0),2) -> 비SCI | J28: {=INDEX(학술지정보!$C$9:$O$50,MATCH($H28,학술지정보!$C$9:$C$50,0),3)} -> 1229-2427 | K28: {=IF(INDEX(학술지정보!$C$9:$O$50,MATCH($H28,학술지정보!$C$9:$C$50,0),5)=0,"",INDEX(학술지정보!$C$9:$O$50,MATCH($H28,학술지정보!$C$9:$C$50,0),5))} -> 2288-646X | AB28: =COUNTA(S28:AA28) -> 0
B29: =B28+1 -> 20 | C29: 2010 | D29: 4 | E29: 스탠딩 칼럼 웰 지열 히트 펌프 시스템의 수치 시뮬레이션 I: 수치 모델 검증 | F29: Numerical Simulation of Standing Column Well Ground Heat Pump System Part 1: Validation of the Numerical Model | G29: 한국지반공학회 논문집 | H29: Journal of the Korean Geotechnical Society | I29: =INDEX(학술지정보!$C$9:$O$50,MATCH($H29,학술지정보!$C$9:$C$50,0),2) -> 비SCI | J29: {=INDEX(학술지정보!$C$9:$O$50,MATCH($H29,학술지정보!$C$9:$C$50,0),3)} -> 1229-2427 | K29: {=IF(INDEX(학술지정보!$C$9:$O$50,MATCH($H29,학술지정보!$C$9:$C$50,0),5)=0,"",INDEX(학술지정보!$C$9:$O$50,MATCH($H29,학술지정보!$C$9:$C$50,0),5))} -> 2288-646X | AB29: =COUNTA(S29:AA29) -> 0
B30: =B29+1 -> 21 | C30: 2010 | D30: 5 | E30: 수정된 등가 선형법의 정확성 평가 | F30: Evaluation of Accuracy of Modified Equivalent Linear Method | G30: 한국지반환경공학회 논문집 | H30: Journal of the Korean Geoenvironmental Society | I30: =INDEX(학술지정보!$C$9:$O$50,MATCH($H30,학술지정보!$C$9:$C$50,0),2) -> 비SCI | J30: {=INDEX(학술지정보!$C$9:$O$50,MATCH($H30,학술지정보!$C$9:$C$50,0),3)} -> 1598-0820 | K30: {=IF(INDEX(학술지정보!$C$9:$O$50,MATCH($H30,학술지정보!$C$9:$C$50,0),5)=0,"",INDEX(학술지정보!$C$9:$O$50,MATCH($H30,학술지정보!$C$9:$C$50,0),5))} | AB30: =COUNTA(S30:AA30) -> 0
B31: =B30+1 -> 22 | C31: 2011 | D31: 1 | E31: 대단면 터널에서 표준 지보 패턴의 평가: 수치 해석 및 현장 측정을 기반으로 | F31: Evaluation of the Standard Support Pattern in Large Section Tunnel by Numerical Analysis and Field Measurement | G31: 한국지반환경공학회 논문집 | H31: Journal of the Korean Geoenvironmental Society | I31: =INDEX(학술지정보!$C$9:$O$50,MATCH($H31,학술지정보!$C$9:$C$50,0),2) -> 비SCI | J31: {=INDEX(학술지정보!$C$9:$O$50,MATCH($H31,학술지정보!$C$9:$C$50,0),3)} -> 1598-0820 | K31: {=IF(INDEX(학술지정보!$C$9:$O$50,MATCH($H31,학술지정보!$C$9:$C$50,0),5)=0,"",INDEX(학술지정보!$C$9:$O$50,MATCH($H31,학술지정보!$C$9:$C$50,0),5))} | AB31: =COUNTA(S31:AA31) -> 0
B32: =B31+1 -> 23 | C32: 2011 | D32: 2 | E32: 터널 공사에서 제어 발파 공법과 폭약의 진동 전파 특성에 대한 연구 | F32: A study on the vibration propagation characteristics of controlled blasting methods and explosives in tunnelling | G32: 한국지반환경공학회 논문집 | H32: Journal of the Korean Geoenvironmental Society | I32: =INDEX(학술지정보!$C$9:$O$50,MATCH($H32,학술지정보!$C$9:$C$50,0),2) -> 비SCI | J32: {=INDEX(학술지정보!$C$9:$O$50,MATCH($H32,학술지정보!$C$9:$C$50,0),3)} -> 1598-0820 | K32: {=IF(INDEX(학술지정보!$C$9:$O$50,MATCH($H32,학술지정보!$C$9:$C$50,0),5)=0,"",INDEX(학술지정보!$C$9:$O$50,MATCH($H32,학술지정보!$C$9:$C$50,0),5))} | AB32: =COUNTA(S32:AA32) -> 0
B33: =B32+1 -> 24 | C33: 2011 | D33: 3 | E33: 목표 응답 스펙트럼에 맞춘 지반 운동 수정용 임펄스 함수 기반 알고리즘의 적용 가능성 평가 | F33: Evaluation of applicability of impulse function-based algorithm for modification of ground motion to match target response spectrum | G33: 한국지반환경공학회 논문집 | H33: Journal of the Korean Geoenvironmental Society | I33: =INDEX(학술지정보!$C$9:$O$50,MATCH($H33,학술지정보!$C$9:$C$50,0),2) -> 비SCI | J33: {=INDEX(학술지정보!$C$9:$O$50,MATCH($H33,학술지정보!$C$9:$C$50,0),3)} -> 1598-0820 | K33: {=IF(INDEX(학술지정보!$C$9:$O$50,MATCH($H33,학술지정보!$C$9:$C$50,0),5)=0,"",INDEX(학술지정보!$C$9:$O$50,MATCH($H33,학술지정보!$C$9:$C$50,0),5))} | AB33: =COUNTA(S33:AA33) -> 0
B34: =B33+1 -> 25 | C34: 2011 | D34: 4 | E34: 소형 FWD와 반복평판재하시험에서의 변형계수(Ev2)와의 상관관계 평가 | F34: Evaluation of correlation between Strain mudulus (Ev2) and Deformation modulus (ELFWD) Using Cyclic Plate loading Test and LFWD | G34: 한국토목섬유학회 논문집 | H34: Journal of the Korean Geosynthetics Society | I34: =INDEX(학술지정보!$C$9:$O$50,MATCH($H34,학술지정보!$C$9:$C$50,0),2) -> #N/A | J34: {=INDEX(학술지정보!$C$9:$O$50,MATCH($H34,학술지정보!$C$9:$C$50,0),3)} -> #N/A | K34: {=IF(INDEX(학술지정보!$C$9:$O$50,MATCH($H34,학술지정보!$C$9:$C$50,0),5)=0,"",INDEX(학술지정보!$C$9:$O$50,MATCH($H34,학술지정보!$C$9:$C$50,0),5))} -> #N/A
B35: =B34+1 -> 26 | C35: 2012 | D35: 1 | E35: 간극 수압 모델 기반 응력 개발 | F35: Development of Stress Based on Pore Pressure Model | G35: 한국지반공학회 논문집 | H35: Journal of the Korean Geotechnical Society | I35: =INDEX(학술지정보!$C$9:$O$50,MATCH($H35,학술지정보!$C$9:$C$50,0),2) -> 비SCI | J35: {=INDEX(학술지정보!$C$9:$O$50,MATCH($H35,학술지정보!$C$9:$C$50,0),3)} -> 1229-2427 | K35: {=IF(INDEX(학술지정보!$C$9:$O$50,MATCH($H35,학술지정보!$C$9:$C$50,0),5)=0,"",INDEX(학술지정보!$C$9:$O$50,MATCH($H35,학술지정보!$C$9:$C$50,0),5))} -> 2288-646X | AB35: =COUNTA(S35:AA35) -> 0
B36: =B35+1 -> 27 | C36: 2013 | D36: 1 | E36: 점토질 사질토의 투수성과 압밀 특성 | F36: Permeability and consolidation characteristics of clayey sand soils | G36: 한국지반공학회 논문집 | H36: Journal of the Korean Geotechnical Society | I36: =INDEX(학술지정보!$C$9:$O$50,MATCH($H36,학술지정보!$C$9:$C$50,0),2) -> 비SCI | J36: {=INDEX(학술지정보!$C$9:$O$50,MATCH($H36,학술지정보!$C$9:$C$50,0),3)} -> 1229-2427 | K36: {=IF(INDEX(학술지정보!$C$9:$O$50,MATCH($H36,학술지정보!$C$9:$C$50,0),5)=0,"",INDEX(학술지정보!$C$9:$O$50,MATCH($H36,학술지정보!$C$9:$C$50,0),5))} -> 2288-646X | AB36: =COUNTA(S36:AA36) -> 0
B37: =B36+1 -> 28 | C37: 2013 | D37: 2 | E37: 운영 중인 도로 터널의 내진 성능 평가 | F37: Evaluation of seismic performance of road tunnels in operation | G37: 한국터널지하공간학회 논문집 | H37: Journal of Korean Tunnelling and Underground Space Association | I37: =INDEX(학술지정보!$C$9:$O$50,MATCH($H37,학술지정보!$C$9:$C$50,0),2) -> 비SCI | J37: {=INDEX(학술지정보!$C$9:$O$50,MATCH($H37,학술지정보!$C$9:$C$50,0),3)} -> 2233-8292 | K37: {=IF(INDEX(학술지정보!$C$9:$O$50,MATCH($H37,학술지정보!$C$9:$C$50,0),5)=0,"",INDEX(학술지정보!$C$9:$O$50,MATCH($H37,학술지정보!$C$9:$C$50,0),5))} -> 2287-4747 | AB37: =COUNTA(S37:AA37) -> 0
B38: =B37+1 -> 29 | C38: 2013 | D38: 3 | E38: 산사면의 증폭 특성 | F38: Amplification characteristics of mountain slopes | G38: 한국방재학회 | H38: Journal of the Korean Society of Hazard Mitigation | I38: =INDEX(학술지정보!$C$9:$O$50,MATCH($H38,학술지정보!$C$9:$C$50,0),2) -> 비SCI | J38: {=INDEX(학술지정보!$C$9:$O$50,MATCH($H38,학술지정보!$C$9:$C$50,0),3)} -> 1738-2424 | K38: {=IF(INDEX(학술지정보!$C$9:$O$50,MATCH($H38,학술지정보!$C$9:$C$50,0),5)=0,"",INDEX(학술지정보!$C$9:$O$50,MATCH($H38,학술지정보!$C$9:$C$50,0),5))} -> 2287-6723 | AB38: =COUNTA(S38:AA38) -> 0
B39: =B38+1 -> 30 | C39: 2014 | D39: 1 | E39: 탄성파를 통한 시료성형방법에 따른 모래 전단거동특성 평가 | F39: Evaluation of the Influence of the Method of Sample Preparation on the Shearing Behavior of Sands using Elastic Waves | G39: 한국지반환경공학회 논문집 | H39: Journal of the Korean Geoenvironmental Society | I39: =INDEX(학술지정보!$C$9:$O$50,MATCH($H39,학술지정보!$C$9:$C$50,0),2) -> 비SCI | J39: {=INDEX(학술지정보!$C$9:$O$50,MATCH($H39,학술지정보!$C$9:$C$50,0),3)} -> 1598-0820 | K39: {=IF(INDEX(학술지정보!$C$9:$O$50,MATCH($H39,학술지정보!$C$9:$C$50,0),5)=0,"",INDEX(학술지정보!$C$9:$O$50,MATCH($H39,학술지정보!$C$9:$C$50,0),5))} | AB39: =COUNTA(S39:AA39) -> 0
B40: =B39+1 -> 31 | C40: 2014 | D40: 2 | E40: 도로구조물의 발파진동 허용기준에 관한 연구 | F40: Study on the Allowable Limit of Blasting-induced Vibration for Road Structures and Facilities | G40: 한국지반공학회 논문집 | H40: Journal of the Korean Geotechnical Society | I40: =INDEX(학술지정보!$C$9:$O$50,MATCH($H40,학술지정보!$C$9:$C$50,0),2) -> 비SCI | J40: {=INDEX(학술지정보!$C$9:$O$50,MATCH($H40,학술지정보!$C$9:$C$50,0),3)} -> 1229-2427 | K40: {=IF(INDEX(학술지정보!$C$9:$O$50,MATCH($H40,학술지정보!$C$9:$C$50,0),5)=0,"",INDEX(학술지정보!$C$9:$O$50,MATCH($H40,학술지정보!$C$9:$C$50,0),5))} -> 2288-646X | AB40: =COUNTA(S40:AA40) -> 0
B41: =B40+1 -> 32 | C41: 2014 | D41: 3 | E41: 기존 고속철도 터널의 지진취약도 함수 개발에 관한 연구 | F41: A study on the development of the seismic fragility functions of the high speed railway tunnels in use | G41: 한국지반환경공학회 논문집 | H41: Journal of the Korean Geoenvironmental Society | I41: =INDEX(학술지정보!$C$9:$O$50,MATCH($H41,학술지정보!$C$9:$C$50,0),2) -> 비SCI | J41: {=INDEX(학술지정보!$C$9:$O$50,MATCH($H41,학술지정보!$C$9:$C$50,0),3)} -> 1598-0820 | K41: {=IF(INDEX(학술지정보!$C$9:$O$50,MATCH($H41,학술지정보!$C$9:$C$50,0),5)=0,"",INDEX(학술지정보!$C$9:$O$50,MATCH($H41,학술지정보!$C$9:$C$50,0),5))} | AB41: =COUNTA(S41:AA41) -> 0
B42: =B41+1 -> 33 | C42: 2014 | D42: 4 | E42: 벤더엘리먼트와 삼축시험을 통한 모래의 전단강도 및 포아송비 특성 규명 | F42: Evaluation of Characteristics of Shear Strength and Poisso’s Ratio through Triaxial and Bender Element Tests | G42: 한국지반공학회 논문집 | H42: Journal of the Korean Geotechnical Society | I42: =INDEX(학술지정보!$C$9:$O$50,MATCH($H42,학술지정보!$C$9:$C$50,0),2) -> 비SCI | J42: {=INDEX(학술지정보!$C$9:$O$50,MATCH($H42,학술지정보!$C$9:$C$50,0),3)} -> 1229-2427 | K42: {=IF(INDEX(학술지정보!$C$9:$O$50,MATCH($H42,학술지정보!$C$9:$C$50,0),5)=0,"",INDEX(학술지정보!$C$9:$O$50,MATCH($H42,학술지정보!$C$9:$C$50,0),5))} -> 2288-646X | AB42: =COUNTA(S42:AA42) -> 0
B43: =B42+1 -> 34 | C43: 2014 | D43: 5 | E43: 동시베리아 지역의 지진 증폭 특성 | F43: Seismic amplification characteristics of Eastern Siberia | G43: 한국지반공학회 논문집 | H43: Journal of the Korean Geotechnical Society | I43: =INDEX(학술지정보!$C$9:$O$50,MATCH($H43,학술지정보!$C$9:$C$50,0),2) -> 비SCI | J43: {=INDEX(학술지정보!$C$9:$O$50,MATCH($H43,학술지정보!$C$9:$C$50,0),3)} -> 1229-2427 | K43: {=IF(INDEX(학술지정보!$C$9:$O$50,MATCH($H43,학술지정보!$C$9:$C$50,0),5)=0,"",INDEX(학술지정보!$C$9:$O$50,MATCH($H43,학술지정보!$C$9:$C$50,0),5))} -> 2288-646X | AB43: =COUNTA(S43:AA43) -> 0
B44: =B43+1 -> 35 | C44: 2014 | D44: 6 | E44: 터널의 지진응답에 대한 암반 절리의 영향 평가 | F44: Evaluation of Effect of Rock Joints on Seismic Response of Tunnels | G44: 한국지반공학회 논문집 | H44: Journal of the Korean Geotechnical Society | I44: =INDEX(학술지정보!$C$9:$O$50,MATCH($H44,학술지정보!$C$9:$C$50,0),2) -> 비SCI | J44: {=INDEX(학술지정보!$C$9:$O$50,MATCH($H44,학술지정보!$C$9:$C$50,0),3)} -> 1229-2427 | K44: {=IF(INDEX(학술지정보!$C$9:$O$50,MATCH($H44,학술지정보!$C$9:$C$50,0),5)=0,"",INDEX(학술지정보!$C$9:$O$50,MATCH($H44,학술지정보!$C$9:$C$50,0),5))} -> 2288-646X | AB44: =COUNTA(S44:AA44) -> 0
B45: =B44+1 -> 36 | C45: 2014 | D45: 7 | E45: 터널 굴착 발파하중 시간이력 생성 | F45: Generation of blast load time series under tunnelling | G45: 한국터널지하공간학회 논문집 | H45: Journal of Korean Tunnelling and Underground Space Association | I45: =INDEX(학술지정보!$C$9:$O$50,MATCH($H45,학술지정보!$C$9:$C$50,0),2) -> 비SCI | J45: {=INDEX(학술지정보!$C$9:$O$50,MATCH($H45,학술지정보!$C$9:$C$50,0),3)} -> 2233-8292 | K45: {=IF(INDEX(학술지정보!$C$9:$O$50,MATCH($H45,학술지정보!$C$9:$C$50,0),5)=0,"",INDEX(학술지정보!$C$9:$O$50,MATCH($H45,학술지정보!$C$9:$C$50,0),5))} -> 2287-4747 | AB45: =COUNTA(S45:AA45) -> 0
B46: =B45+1 -> 37 | C46: 2014 | D46: 8 | E46: 최소토피고 미확보 구간에 시공한 파형강판 암거의 변형 특성 | F46: Deformation of Corrugated Steel Plate Culverts in the Areas with Minimum Depth | G46: 한국지반환경공학회 논문집 | H46: Journal of the Korean Geoenvironmental Society | I46: =INDEX(학술지정보!$C$9:$O$50,MATCH($H46,학술지정보!$C$9:$C$50,0),2) -> 비SCI | J46: {=INDEX(학술지정보!$C$9:$O$50,MATCH($H46,학술지정보!$C$9:$C$50,0),3)} -> 1598-0820 | K46: {=IF(INDEX(학술지정보!$C$9:$O$50,MATCH($H46,학술지정보!$C$9:$C$50,0),5)=0,"",INDEX(학술지정보!$C$9:$O$50,MATCH($H46,학술지정보!$C$9:$C$50,0),5))} | AB46: =COUNTA(S46:AA46) -> 0
... B52: =B51+1 -> 43 | C52: 2015 | D52: 4 | E52: 시험발파 계측자료 분석을 통한 암석 발파진동 특성 분석 | F52: Analysis on the Characteristics of Rock Blasting-induced Vibration Based on the Analysis of Test Blasting Measurement Data | G52: 한국지반환경공학회 논문집 | H52: Journal of the Korean Geoenvironmental Society | I52: =INDEX(학술지정보!$C$9:$O$50,MATCH($H52,학술지정보!$C$9:$C$50,0),2) -> 비SCI | J52: {=INDEX(학술지정보!$C$9:$O$50,MATCH($H52,학술지정보!$C$9:$C$50,0),3)} -> 1598-0820 | K52: {=IF(INDEX(학술지정보!$C$9:$O$50,MATCH($H52,학술지정보!$C$9:$C$50,0),5)=0,"",INDEX(학술지정보!$C$9:$O$50,MATCH($H52,학술지정보!$C$9:$C$50,0),5))} | AB52: =COUNTA(S52:AA52) -> 0
B53: =B52+1 -> 44 | C53: 2015 | D53: 5 | E53: 수치해석을 통한 진동감쇠식 맞춤형 암반의 감쇠비 산정 | F53: Estimation of Attenuation Relationship Compatible with Damping Ratio of Rock Mass from Numerical Simulation | G53: 한국지반공학회 논문집 | H53: Journal of the Korean Geotechnical Society | I53: =INDEX(학술지정보!$C$9:$O$50,MATCH($H53,학술지정보!$C$9:$C$50,0),2) -> 비SCI | J53: {=INDEX(학술지정보!$C$9:$O$50,MATCH($H53,학술지정보!$C$9:$C$50,0),3)} -> 1229-2427 | K53: {=IF(INDEX(학술지정보!$C$9:$O$50,MATCH($H53,학술지정보!$C$9:$C$50,0),5)=0,"",INDEX(학술지정보!$C$9:$O$50,MATCH($H53,학술지정보!$C$9:$C$50,0),5))} -> 2288-646X | L53: https://doi.org/10.7843/kgs.2015.31.4.45 | M53: Journal | N53: 31 | O53: 4 | Q53: 45~55 | R53: 201504 | S53: 김낙영 | T53: 박두희 | U53: 류재하 | V53: 안재광 | W53: 손무락 | X53: 황영철 | AB53: =COUNTA(S53:AA53) -> 6
B54: =B53+1 -> 45 | C54: 2015 | D54: 6 | E54: 지진 시 산사면의 영구변위 추정식 개발 | F54: Development of Permanent Displacement Model for Seismic Mountain Slope | G54: 한국지반공학회 논문집 | H54: Journal of the Korean Geotechnical Society | I54: =INDEX(학술지정보!$C$9:$O$50,MATCH($H54,학술지정보!$C$9:$C$50,0),2) -> 비SCI | J54: {=INDEX(학술지정보!$C$9:$O$50,MATCH($H54,학술지정보!$C$9:$C$50,0),3)} -> 1229-2427 | K54: {=IF(INDEX(학술지정보!$C$9:$O$50,MATCH($H54,학술지정보!$C$9:$C$50,0),5)=0,"",INDEX(학술지정보!$C$9:$O$50,MATCH($H54,학술지정보!$C$9:$C$50,0),5))} -> 2288-646X | L54: http://dx.doi.org/10.7843/kgs.2015.31.4.57 | M54: Journal | N54: 31 | O54: 4 | Q54: 57~66 | R54: 201504 | S54: 이종후 | T54: 박두희 | U54: 안재광 | V54: 박인준 | AB54: =COUNTA(S54:AA54) -> 4
B55: =B54+1 -> 46 | C55: 2015 | D55: 7 | E55: 전단파 속도를 통한 모래의 전단강도 예측 | F55: Shear Strength Estimation of Clean Sands via Shear Wave Velocity | G55: 한국지반공학회 논문집 | H55: Journal of the Korean Geotechnical Society | I55: =INDEX(학술지정보!$C$9:$O$50,MATCH($H55,학술지정보!$C$9:$C$50,0),2) -> 비SCI | J55: {=INDEX(학술지정보!$C$9:$O$50,MATCH($H55,학술지정보!$C$9:$C$50,0),3)} -> 1229-2427 | K55: {=IF(INDEX(학술지정보!$C$9:$O$50,MATCH($H55,학술지정보!$C$9:$C$50,0),5)=0,"",INDEX(학술지정보!$C$9:$O$50,MATCH($H55,학술지정보!$C$9:$C$50,0),5))} -> 2288-646X | L55: http://dx.doi.org/10.7843/kgs.2015.31.9.17 | M55: Journal | N55: 31 | O55: 9 | Q55: 19~27 | R55: 201509 | S55: 유진권 | T55: 박두희 | AB55: =COUNTA(S55:AA55) -> 2
B56: =B55+1 -> 47 | C56: 2015 | D56: 8 | E56: 지진파 입사방향에 따른 매설관 종방향 응답특성 규명 | F56: Effect of Incident Direction of Earthquake Motion on Seismic Response of Buried Pipelien | G56: 한국지반환경공학회 논문집 | H56: Journal of the Korean Geoenvironmental Society | I56: =INDEX(학술지정보!$C$9:$O$50,MATCH($H56,학술지정보!$C$9:$C$50,0),2) -> 비SCI | J56: {=INDEX(학술지정보!$C$9:$O$50,MATCH($H56,학술지정보!$C$9:$C$50,0),3)} -> 1598-0820 | K56: {=IF(INDEX(학술지정보!$C$9:$O$50,MATCH($H56,학술지정보!$C$9:$C$50,0),5)=0,"",INDEX(학술지정보!$C$9:$O$50,MATCH($H56,학술지정보!$C$9:$C$50,0),5))} | L56: https://doi.org/10.14481/jkges.2015.16.9.43 | M56: Journal | N56: 16 | O56: 9 | Q56: 43~51 | R56: 201509 | S56: 곽형주 | T56: 박두희 | U56: 이장근 | V56: 강재모 | AB56: =COUNTA(S56:AA56) -> 4
B57: =B56+1 -> 48 | C57: 2016 | D57: 1 | E57: 비탄성 지진 해석을 통한 박스 터널의 손상 상태 및 손상 지수 규명 | F57: Identification of Damage States and Damage Indices of Single Box Tunnel from Inelastic Seismic Analysis | G57: 한국터널지하공간학회 논문집 | H57: Journal of Korean Tunnelling and Underground Space Association | I57: =INDEX(학술지정보!$C$9:$O$50,MATCH($H57,학술지정보!$C$9:$C$50,0),2) -> 비SCI | J57: {=INDEX(학술지정보!$C$9:$O$50,MATCH($H57,학술지정보!$C$9:$C$50,0),3)} -> 2233-8292 | K57: {=IF(INDEX(학술지정보!$C$9:$O$50,MATCH($H57,학술지정보!$C$9:$C$50,0),5)=0,"",INDEX(학술지정보!$C$9:$O$50,MATCH($H57,학술지정보!$C$9:$C$50,0),5))} -> 2287-4747 | L57: https://doi.org/10.9711/KTAJ.2016.18.2.119 | M57: Journal | N57: 18 | O57: 2 | Q57: 119~128 | R57: 201603 | S57: 박두희 | T57: 박두희 | U57: 이태형 | V57: 김한섭 | W57: 박정선 | AB57: =COUNTA(S57:AA57) -> 5
B58: =B57+1 -> 49 | C58: 2016 | D58: 2 | E58: 반복단순전단시험에 기반한 조립토의 설계 액상화 저항 곡선 개발 | F58: Cyclic Simple Shear Test Based Design Liquefaction Resistance Curve of Granular Soil | G58: 한국지반공학회 논문집 | H58: Journal of the Korean Geotechnical Society | I58: =INDEX(학술지정보!$C$9:$O$50,MATCH($H58,학술지정보!$C$9:$C$50,0),2) -> 비SCI | J58: {=INDEX(학술지정보!$C$9:$O$50,MATCH($H58,학술지정보!$C$9:$C$50,0),3)} -> 1229-2427 | K58: {=IF(INDEX(학술지정보!$C$9:$O$50,MATCH($H58,학술지정보!$C$9:$C$50,0),5)=0,"",INDEX(학술지정보!$C$9:$O$50,MATCH($H58,학술지정보!$C$9:$C$50,0),5))} -> 2288-646X | L58: http://dx.doi.org/10.7843/kgs.2016.32.6.49 | M58: Journal | N58: 32 | O58: 6 | Q58: 49~59 | R58: 201606 | S58: 사이둘라 | T58: 박두희 | U58: 김한섭 | V58: 박기천 | AB58: =COUNTA(S58:AA58) -> 4
B59: =B58+1 -> 50 | C59: 2016 | D59: 3 | E59: 유한요소해석을 통한 다층지반에서의 버킷기초 수직지지력 산정 | F59: Evaluation of Vertical Bearing Capacity of Bucket Foundations in Layered Soil by Using Finite Element Analysis | G59: 한국지반공학회 논문집 | H59: Journal of the Korean Geotechnical Society | I59: =INDEX(학술지정보!$C$9:$O$50,MATCH($H59,학술지정보!$C$9:$C$50,0),2) -> 비SCI | J59: {=INDEX(학술지정보!$C$9:$O$50,MATCH($H59,학술지정보!$C$9:$C$50,0),3)} -> 1229-2427 | K59: {=IF(INDEX(학술지정보!$C$9:$O$50,MATCH($H59,학술지정보!$C$9:$C$50,0),5)=0,"",INDEX(학술지정보!$C$9:$O$50,MATCH($H59,학술지정보!$C$9:$C$50,0),5))} -> 2288-646X | L59: http://dx.doi.org/10.7843/kgs.2016.32.7.35 | M59: Journal | N59: 32 | O59: 7 | Q59: 35~45 | R59: 201607 | S59: 박정선 | T59: 박두희 | U59: 윤세웅 | V59: 사이둘라 | AB59: =COUNTA(S59:AA59) -> 4
B60: =B59+1 -> 51 | C60: 2016 | D60: 4 | E60: 하수관거 배면 공동 탐지를 위한 충격반향법의 적용성 평가 | F60: Assessment of Impact-echo Method for Cavity Detection in Dorsal Side of Sewer Pipe | G60: 한국지반공학회 논문집 | H60: Journal of the Korean Geotechnical Society | I60: =INDEX(학술지정보!$C$9:$O$50,MATCH($H60,학술지정보!$C$9:$C$50,0),2) -> 비SCI | J60: {=INDEX(학술지정보!$C$9:$O$50,MATCH($H60,학술지정보!$C$9:$C$50,0),3)} -> 1229-2427 | K60: {=IF(INDEX(학술지정보!$C$9:$O$50,MATCH($H60,학술지정보!$C$9:$C$50,0),5)=0,"",INDEX(학술지정보!$C$9:$O$50,MATCH($H60,학술지정보!$C$9:$C$50,0),5))} -> 2288-646X | AB60: =COUNTA(S60:AA60) -> 0
B61: =B60+1 -> 52 | C61: 2016 | D61: 5 | E61: 복합하중을 고려한 국내 서남해 지반에서의 Spudcan 설계 | F61: Spudcan Design under Combined Load in Southwestern Sea of Korea | G61: 한국지반환경공학회 논문집 | H61: Journal of the Korean Geoenvironmental Society
B62: =B61+1 -> 53 | C62: 2017 | D62: 1 | E62: 모래와 점토 단일지반에서의 스퍼드캔 관입/추출 거동 평가 | F62: Evaluation of Spudcan Penetration/Extraction Behavior in Uniform Sand and Clay | G62: 한국지반공학회 논문집 | H62: Journal of the Korean Geotechnical Society | I62: =INDEX(학술지정보!$C$9:$O$50,MATCH($H62,학술지정보!$C$9:$C$50,0),2) -> 비SCI | J62: {=INDEX(학술지정보!$C$9:$O$50,MATCH($H62,학술지정보!$C$9:$C$50,0),3)} -> 1229-2427 | K62: {=IF(INDEX(학술지정보!$C$9:$O$50,MATCH($H62,학술지정보!$C$9:$C$50,0),5)=0,"",INDEX(학술지정보!$C$9:$O$50,MATCH($H62,학술지정보!$C$9:$C$50,0),5))} -> 2288-646X | L62: https://doi.org/10.7843/kgs.2017.33.3.17 | M62: Journal | N62: 33 | O62: 3 | Q62: 17~28 | R62: 201703 | S62: 유진권 | T62: 박두희 | U62: 강재모 | AB62: =COUNTA(S62:AA62) -> 3
B63: =B62+1 -> 54 | C63: 2017 | D63: 2 | E63: 하수관로 건전도와 도로함몰 발생 상관관계 분석 | F63: Correlation Analysis of Sewer Integrity and Ground Subsidence | G63: 한국지반환경공학회 논문집 | H63: Journal of the Korean Geoenvironmental Society | I63: =INDEX(학술지정보!$C$9:$O$50,MATCH($H63,학술지정보!$C$9:$C$50,0),2) -> 비SCI | J63: {=INDEX(학술지정보!$C$9:$O$50,MATCH($H63,학술지정보!$C$9:$C$50,0),3)} -> 1598-0820 | K63: {=IF(INDEX(학술지정보!$C$9:$O$50,MATCH($H63,학술지정보!$C$9:$C$50,0),5)=0,"",INDEX(학술지정보!$C$9:$O$50,MATCH($H63,학술지정보!$C$9:$C$50,0),5))} | L63: https://doi.org/10.14481/jkges.2017.18.6.31 | M63: Journal | N63: 18 | O63: 6 | Q63: 31~37 | R63: 201706 | S63: 김진영 | T63: 강재모 | U63: 최창호 | V63: 박두희 | AB63: =COUNTA(S63:AA63) -> 4
B64: =B63+1 -> 55 | C64: 2017 | D64: 3 | E64: 사질토 지반에 설치된 버킷기초의 강성 | F64: Stiffness of Bucket Foundation in Sand | G64: 한국지반환경공학회 논문집 | H64: Journal of the Korean Geoenvironmental Society | I64: =INDEX(학술지정보!$C$9:$O$50,MATCH($H64,학술지정보!$C$9:$C$50,0),2) -> 비SCI | J64: {=INDEX(학술지정보!$C$9:$O$50,MATCH($H64,학술지정보!$C$9:$C$50,0),3)} -> 1598-0820 | K64: {=IF(INDEX(학술지정보!$C$9:$O$50,MATCH($H64,학술지정보!$C$9:$C$50,0),5)=0,"",INDEX(학술지정보!$C$9:$O$50,MATCH($H64,학술지정보!$C$9:$C$50,0),5))} | L64: https://doi.org/10.14481/jkges.2017.18.8.5 | M64: Journal | N64: 18 | O64: 8 | Q64: 5~15 | R64: 201708 | S64: 박정선 | T64: 박두희 | U64: 윤세웅 | V64: 장화섭 | W64: 윤지남 | AB64: =COUNTA(S64:AA64) -> 5
B65: =B64+1 -> 56 | C65: 2017 | D65: 4 | F65: Nonlinear Seismic Analysis of U-Shaped Cantilever Retaining Structures | G65: 한국지반환경공학회 논문집 | H65: Journal of the Korean Geoenvironmental Society | I65: =INDEX(학술지정보!$C$9:$O$50,MATCH($H65,학술지정보!$C$9:$C$50,0),2) -> 비SCI | J65: {=INDEX(학술지정보!$C$9:$O$50,MATCH($H65,학술지정보!$C$9:$C$50,0),3)} -> 1598-0820 | K65: {=IF(INDEX(학술지정보!$C$9:$O$50,MATCH($H65,학술지정보!$C$9:$C$50,0),5)=0,"",INDEX(학술지정보!$C$9:$O$50,MATCH($H65,학술지정보!$C$9:$C$50,0),5))} | L65: https://doi.org/10.14481/jkges.2017.18.11.27 | M65: Journal | N65: 18 | O65: 11 | Q65: 27~33 | R65: 201711 | S65: 샴셰르사디크 | T65: 박두희 | U65: 유진권 | V65: 윤지남 | W65: 김주형 | AB65: =COUNTA(S65:AA65) -> 5
B66: =B65+1 -> 57 | C66: 2017 | D66: 5 | E66: 파쇄영역에 따른 발파진동 전파특성 | F66: Propagation Characteristics of Blast-induced Vibration to Fractured Zone | G66: 한국터널지하공간학회 논문집 | H66: Journal of Korean Tunnelling and Underground Space Association | I66: =INDEX(학술지정보!$C$9:$O$50,MATCH($H66,학술지정보!$C$9:$C$50,0),2) -> 비SCI | J66: {=INDEX(학술지정보!$C$9:$O$50,MATCH($H66,학술지정보!$C$9:$C$50,0),3)} -> 2233-8292 | K66: {=IF(INDEX(학술지정보!$C$9:$O$50,MATCH($H66,학술지정보!$C$9:$C$50,0),5)=0,"",INDEX(학술지정보!$C$9:$O$50,MATCH($H66,학술지정보!$C$9:$C$50,0),5))} -> 2287-4747 | L66: https://doi.org/10.9711/KTAJ.2017.19.6.959 | M66: Journal | N66: 19 | O66: 6 | Q66: 959~972 | R66: 201711 | S66: 안재광 | T66: 박두희 | U66: 박기천 | V66: 윤지남 | AB66: =COUNTA(S66:AA66) -> 4
B67: =B66+1 -> 58 | C67: 2018 | D67: 1 | E67: 지하층-지반 운동학적 상호작용을 고려한 기초저면의 설계지반운동 산정 | F67: Extracting Foundation Input Motion Considering Soil-Subterranean Level Kinematic Interaction | G67: 한국지반환경공학회 논문집 | H67: Journal of the Korean Geoenvironmental Society | I67: =INDEX(학술지정보!$C$9:$O$50,MATCH($H67,학술지정보!$C$9:$C$50,0),2) -> 비SCI | J67: {=INDEX(학술지정보!$C$9:$O$50,MATCH($H67,학술지정보!$C$9:$C$50,0),3)} -> 1598-0820 | K67: {=IF(INDEX(학술지정보!$C$9:$O$50,MATCH($H67,학술지정보!$C$9:$C$50,0),5)=0,"",INDEX(학술지정보!$C$9:$O$50,MATCH($H67,학술지정보!$C$9:$C$50,0),5))} | L67: https://doi.org/10.14481/jkges.2018.19.11.31 | M67: Journal | N67: 19 | O67: 11 | Q67: 31~37 | R67: 201811 | S67: 샴셰르사디크 | T67: 박두희 | U67: 윤지남 | V67: 김주형 | AB67: =COUNTA(S67:AA67) -> 4
B68: =B67+1 -> 59 | C68: 2018 | D68: 2 | E68: 박스형 터널의 지진 취약도 평가 | F68: Seismic Fragility Evaluation of Cut-and-cover Tunnel | G68: 한국지반공학회 논문집 | H68: Journal of the Korean Geotechnical Society | I68: =INDEX(학술지정보!$C$9:$O$50,MATCH($H68,학술지정보!$C$9:$C$50,0),2) -> 비SCI | J68: {=INDEX(학술지정보!$C$9:$O$50,MATCH($H68,학술지정보!$C$9:$C$50,0),3)} -> 1229-2427 | K68: {=IF(INDEX(학술지정보!$C$9:$O$50,MATCH($H68,학술지정보!$C$9:$C$50,0),5)=0,"",INDEX(학술지정보!$C$9:$O$50,MATCH($H68,학술지정보!$C$9:$C$50,0),5))} -> 2288-646X | L68: https://doi.org/10.7843/kgs.2018.34.11.71 | M68: Journal | N68: 34 | O68: 11 | Q68: 71~80 | R68: 201811 | S68: 박두희 | T68: 듀이-두안 응 | U68: 이태형 | V68: 응엔반캉 | AB68: =COUNTA(S68:AA68) -> 4
B69: =B68+1 -> 60 | C69: 2018 | D69: 3 | E69: 지진 시 필댐의 침하량과 지반진동 변수 간의 상관관계 분석 | F69: Evaluation of Correlation between Earthquake Induced Settlement of Fill Dams and Ground Motion Parameters | G69: 한국지반신소재학회 논문집 | H69: Journal of the Korean Geosynthetics Society | I69: =INDEX(학술지정보!$C$9:$O$50,MATCH($H69,학술지정보!$C$9:$C$50,0),2) -> #N/A | J69: {=INDEX(학술지정보!$C$9:$O$50,MATCH($H69,학술지정보!$C$9:$C$50,0),3)} -> #N/A | K69: {=IF(INDEX(학술지정보!$C$9:$O$50,MATCH($H69,학술지정보!$C$9:$C$50,0),5)=0,"",INDEX(학술지정보!$C$9:$O$50,MATCH($H69,학술지정보!$C$9:$C$50,0),5))} -> #N/A | L69: https://doi.org/10.12814/jkgss.2018.17.4.065 | M69: Journal | N69: 17 | O69: 4 | Q69: 65~72 | R69: 201812 | S69: 백종민 | T69: 박두희 | U69: 윤지남 | V69: 최병한 | AB69: =COUNTA(S69:AA69) -> 4
B70: =B69+1 -> 61 | C70: 2018 | D70: 4 | E70: 콘크리트 표면차수벽형 석괴댐의 지진 취약도 평가 | F70: Evaluation of Seismic Fragility of Concrete Faced Rockfill Dam | G70: 한국지반신소재학회 논문집 | H70: Journal of the Korean Geosynthetics Society | I70: =INDEX(학술지정보!$C$9:$O$50,MATCH($H70,학술지정보!$C$9:$C$50,0),2) -> #N/A | J70: {=INDEX(학술지정보!$C$9:$O$50,MATCH($H70,학술지정보!$C$9:$C$50,0),3)} -> #N/A | K70: {=IF(INDEX(학술지정보!$C$9:$O$50,MATCH($H70,학술지정보!$C$9:$C$50,0),5)=0,"",INDEX(학술지정보!$C$9:$O$50,MATCH($H70,학술지정보!$C$9:$C$50,0),5))} -> #N/A | L70: https://doi.org/10.12814/jkgss.2018.17.4.103 | M70: Journal | N70: 17 | O70: 4 | Q70: 103~108 | R70: 201812 | S70: 백종민 | T70: 박두희 | U70: 윤지남 | V70: 최병한 | AB70: =COUNTA(S70:AA70) -> 4
B71: =B70+1 -> 62 | C71: 2019 | D71: 1 | E71: 지진 시 파괴면을 고려한 중력식 안벽의 영구변위 평가 | F71: Estimation of Permanent Displacement of Gravity Quay Wall Considering Failure Surface under Seismic Loading | G71: 한국지반공학회 논문집 | H71: Journal of the Korean Geotechnical Society | I71: =INDEX(학술지정보!$C$9:$O$50,MATCH($H71,학술지정보!$C$9:$C$50,0),2) -> 비SCI | J71: {=INDEX(학술지정보!$C$9:$O$50,MATCH($H71,학술지정보!$C$9:$C$50,0),3)} -> 1229-2427 | K71: {=IF(INDEX(학술지정보!$C$9:$O$50,MATCH($H71,학술지정보!$C$9:$C$50,0),5)=0,"",INDEX(학술지정보!$C$9:$O$50,MATCH($H71,학술지정보!$C$9:$C$50,0),5))} -> 2288-646X | L71: https://doi.org/10.7843/kgs.2019.35.4.15 | M71: Journal | N71: 35 | O71: 4 | Q71: 15~26 | R71: 201904 | S71: 한인숙 | T71: 권오순 | U71: 안재광 | V71: 박두희 | AB71: =COUNTA(S71:AA71) -> 4
B72: =B71+1 -> 63 | C72: 2019 | D72: 2 | E72: 콘크리트 옹벽의 지진여유도 평가 | F72: Seismic Margin Assessment of Concrete Retaining Walls | G72: 한국지반환경공학회 논문집 | H72: Journal of the Korean Geoenvironmental Society | I72: =INDEX(학술지정보!$C$9:$O$50,MATCH($H72,학술지정보!$C$9:$C$50,0),2) -> 비SCI | J72: {=INDEX(학술지정보!$C$9:$O$50,MATCH($H72,학술지정보!$C$9:$C$50,0),3)} -> 1598-0820 | K72: {=IF(INDEX(학술지정보!$C$9:$O$50,MATCH($H72,학술지정보!$C$9:$C$50,0),5)=0,"",INDEX(학술지정보!$C$9:$O$50,MATCH($H72,학술지정보!$C$9:$C$50,0),5))} | L72: https://doi.org/10.14481/jkges.2019.20.7.5 | M72: Journal | N72: 20 | O72: 7 | Q72: 5~10 | R72: 201907 | S72: 박두희 | T72: 백종민 | U72: 박인준 | V72: 황경민 | W72: 장정범 | AB72: =COUNTA(S72:AA72) -> 5
B73: =B72+1 -> 64 | C73: 2019 | D73: 3 | F73: Dynamic Earth Pressure on Embedded Structure | G73: 한국지반환경공학회 논문집 | H73: Journal of the Korean Geoenvironmental Society | I73: =INDEX(학술지정보!$C$9:$O$50,MATCH($H73,학술지정보!$C$9:$C$50,0),2) -> 비SCI | J73: {=INDEX(학술지정보!$C$9:$O$50,MATCH($H73,학술지정보!$C$9:$C$50,0),3)} -> 1598-0820 | K73: {=IF(INDEX(학술지정보!$C$9:$O$50,MATCH($H73,학술지정보!$C$9:$C$50,0),5)=0,"",INDEX(학술지정보!$C$9:$O$50,MATCH($H73,학술지정보!$C$9:$C$50,0),5))} | L73: https://doi.org/10.14481/jkges.2019.20.9.13 | M73: Journal | N73: 20 | O73: 9 | Q73: 13~19 | R73: 201909 | S73: 샴셰르사디크 | T73: 박두희 | AB73: =COUNTA(S73:AA73) -> 2
B74: =B73+1 -> 65 | C74: 2020 | D74: 1 | E74: SPT와 CPT 지반조사결과에 기초한 포항지역 액상화 위험도 평가 | F74: Evaluation of Liquefaction Triggering for the Pohang Area Based on SPT and CPT Tests | G74: 한국지반공학회 논문집 | H74: Journal of the Korean Geotechnical Society | I74: =INDEX(학술지정보!$C$9:$O$50,MATCH($H74,학술지정보!$C$9:$C$50,0),2) -> 비SCI | J74: {=INDEX(학술지정보!$C$9:$O$50,MATCH($H74,학술지정보!$C$9:$C$50,0),3)} -> 1229-2427 | K74: {=IF(INDEX(학술지정보!$C$9:$O$50,MATCH($H74,학술지정보!$C$9:$C$50,0),5)=0,"",INDEX(학술지정보!$C$9:$O$50,MATCH($H74,학술지정보!$C$9:$C$50,0),5))} -> 2288-646X | L74: https://doi.org/10.7843/kgs.2020.36.10.57 | M74: Journal | N74: 36 | O74: 10 | Q74: 57~71 | R74: 202010 | S74: 김연준 | T74: 고길완 | U74: 김병민 | V74: 박두희 | W74: 김기석 | X74: 한진태 | Y74: 김동수 | AB74: =COUNTA(S74:AA74) -> 7
B75: =B74+1 -> 66 | C75: 2020 | D75: 2 | E75: 도입 30년 시점에서 고속도로 보강토옹벽의 손상사례 분석 | F75: Analysis of Damage Cases of Reinforced Earth Retaining Walls for Expressways at the Time of Introduction 30 Years | G75: 한국지반환경공학회 논문집 | H75: Journal of the Korean Geoenvironmental Society | I75: =INDEX(학술지정보!$C$9:$O$50,MATCH($H75,학술지정보!$C$9:$C$50,0),2) -> 비SCI | J75: {=INDEX(학술지정보!$C$9:$O$50,MATCH($H75,학술지정보!$C$9:$C$50,0),3)} -> 1598-0820 | K75: {=IF(INDEX(학술지정보!$C$9:$O$50,MATCH($H75,학술지정보!$C$9:$C$50,0),5)=0,"",INDEX(학술지정보!$C$9:$O$50,MATCH($H75,학술지정보!$C$9:$C$50,0),5))} | L75: https://doi.org/10.14481/jkges.2020.21.12.29 | M75: Journal | N75: 21 | O75: 12 | Q75: 29~34 | R75: 202012 | S75: 도종남 | T75: 김낙영 | U75: 김명일 | V75: 박두희 | AB75: =COUNTA(S75:AA75) -> 4
B76: =B75+1 -> 67 | C76: 2020 | D76: 3 | E76: 비선형 지반구성모델의 비교를 통한 전단강도 보정이 부지응답해석에 미치는 영향 평가 | F76: Evaluation of the Influence of Shear Strength Correction through a Comparative Study of Nonlinear Site Response Models | G76: 한국지반공학회 논문집 | H76: Journal of the Korean Geotechnical Society | I76: =INDEX(학술지정보!$C$9:$O$50,MATCH($H76,학술지정보!$C$9:$C$50,0),2) -> 비SCI | J76: {=INDEX(학술지정보!$C$9:$O$50,MATCH($H76,학술지정보!$C$9:$C$50,0),3)} -> 1229-2427 | K76: {=IF(INDEX(학술지정보!$C$9:$O$50,MATCH($H76,학술지정보!$C$9:$C$50,0),5)=0,"",INDEX(학술지정보!$C$9:$O$50,MATCH($H76,학술지정보!$C$9:$C$50,0),5))} -> 2288-646X | L76: https://doi.org/10.7843/kgs.2020.36.12.77 | M76: Journal | N76: 36 | O76: 12 | Q76: 77~86 | R76: 202012 | S76: 아킵 | T76: 박두희 | U76: 김한섭 | V76: 빌랄 | W76: 주바이르 | AB76: =COUNTA(S76:AA76) -> 5
B77: =B76+1 -> 68 | C77: 2021 | D77: 1 | F77: Investigation of Spudcan Penetration Resistance in Layered Soil Deposits | G77: 한국지반환경공학회 논문집 | H77: Journal of the Korean Geoenvironmental Society | I77: =INDEX(학술지정보!$C$9:$O$50,MATCH($H77,학술지정보!$C$9:$C$50,0),2) -> 비SCI | J77: {=INDEX(학술지정보!$C$9:$O$50,MATCH($H77,학술지정보!$C$9:$C$50,0),3)} -> 1598-0820 | K77: {=IF(INDEX(학술지정보!$C$9:$O$50,MATCH($H77,학술지정보!$C$9:$C$50,0),5)=0,"",INDEX(학술지정보!$C$9:$O$50,MATCH($H77,학술지정보!$C$9:$C$50,0),5))} | L77: https://doi.org/10.14481/jkges.2021.22.1.13 | M77: Journal | N77: 22 | O77: 1 | Q77: 13~20 | R77: 202101 | S77: 아사드잔 | T77: 주바이르 | U77: 박두희 | AB77: =COUNTA(S77:AA77) -> 3
B78: =B77+1 -> 69 | C78: 2021 | D78: 2 | E78: 현장시험을 통한 고강도 강관을 이용한 쏘일네일의 거동특성 평가 | F78: Evaluation of the Behavioral Characteristics of Soil Nail Using High-strength Steel Pipe through Field Test | G78: 한국지반환경공학회 논문집 | H78: Journal of the Korean Geoenvironmental Society | I78: =INDEX(학술지정보!$C$9:$O$50,MATCH($H78,학술지정보!$C$9:$C$50,0),2) -> 비SCI | J78: {=INDEX(학술지정보!$C$9:$O$50,MATCH($H78,학술지정보!$C$9:$C$50,0),3)} -> 1598-0820 | K78: {=IF(INDEX(학술지정보!$C$9:$O$50,MATCH($H78,학술지정보!$C$9:$C$50,0),5)=0,"",INDEX(학술지정보!$C$9:$O$50,MATCH($H78,학술지정보!$C$9:$C$50,0),5))}
B79: =B78+1 -> 70 | C79: 2021 | D79: 3 | E79: 비선형 응답이력해석을 통한 사면의 동적 안전계수 계산 | F79: Dynamic Factor of Safety Calculation of Slope by Nonlinear Response History Analysis | G79: 한국지반공학회 논문집 | H79: Journal of the Korean Geotechnical Society | I79: =INDEX(학술지정보!$C$9:$O$50,MATCH($H79,학술지정보!$C$9:$C$50,0),2) -> 비SCI | J79: {=INDEX(학술지정보!$C$9:$O$50,MATCH($H79,학술지정보!$C$9:$C$50,0),3)} -> 1229-2427 | K79: {=IF(INDEX(학술지정보!$C$9:$O$50,MATCH($H79,학술지정보!$C$9:$C$50,0),5)=0,"",INDEX(학술지정보!$C$9:$O$50,MATCH($H79,학술지정보!$C$9:$C$50,0),5))} -> 2288-646X
B80: =B79+1 -> 71 | C80: 2021 | D80: 4 | E80: 사면 경사도가 있는 뒷채움토와 지반특성을 고려한 역T형 옹벽의 지진시 취약도 평가 | F80: Seismic fragility evaluation of inverted T-type wall with a backfill slope considering site conditions | G80: 대한토목학회 | H80: KSCE Journal of Civil Engineering | I80: =INDEX(학술지정보!$C$9:$O$50,MATCH($H80,학술지정보!$C$9:$C$50,0),2) -> SCI(E) | J80: {=INDEX(학술지정보!$C$9:$O$50,MATCH($H80,학술지정보!$C$9:$C$50,0),3)} -> 1226-7988 | K80: {=IF(INDEX(학술지정보!$C$9:$O$50,MATCH($H80,학술지정보!$C$9:$C$50,0),5)=0,"",INDEX(학술지정보!$C$9:$O$50,MATCH($H80,학술지정보!$C$9:$C$50,0),5))} -> 1976-3808
B81: =B80+1 -> 72 | C81: 2021 | D81: 5 | E81: 점토지반 병설쉴드터널에서 후행터널 굴착에 의한 비대칭 침하형상 연구 | F81: Study on Asymmetric Settlement Trough induced by the 2nd Tunneling of Twin Shield Tunnels in Clay | G81: 한국지반공학회 논문집 | H81: Journal of the Korean Geotechnical Society | I81: =INDEX(학술지정보!$C$9:$O$50,MATCH($H81,학술지정보!$C$9:$C$50,0),2) -> 비SCI | J81: {=INDEX(학술지정보!$C$9:$O$50,MATCH($H81,학술지정보!$C$9:$C$50,0),3)} -> 1229-2427 | K81: {=IF(INDEX(학술지정보!$C$9:$O$50,MATCH($H81,학술지정보!$C$9:$C$50,0),5)=0,"",INDEX(학술지정보!$C$9:$O$50,MATCH($H81,학술지정보!$C$9:$C$50,0),5))} -> 2288-646X
B82: =B81+1 -> 73 | C82: 2021 | D82: 6 | E82: 공항하부 토사 병설 쉴드터널에서 대구경 강관추진에 의한 횡갱 설계/시공사례 연구 | F82: Case study on design and construction for cross-connection tunnel using large steel pipe thrust method in soil twin shield tunnels underneath airport | G82: 한국터널지하공간학회 논문집 | H82: Journal of Korean Tunnelling and Underground Space Association | I82: =INDEX(학술지정보!$C$9:$O$50,MATCH($H82,학술지정보!$C$9:$C$50,0),2) -> 비SCI | J82: {=INDEX(학술지정보!$C$9:$O$50,MATCH($H82,학술지정보!$C$9:$C$50,0),3)} -> 2233-8292 | K82: {=IF(INDEX(학술지정보!$C$9:$O$50,MATCH($H82,학술지정보!$C$9:$C$50,0),5)=0,"",INDEX(학술지정보!$C$9:$O$50,MATCH($H82,학술지정보!$C$9:$C$50,0),5))} -> 2287-4747
B83: =B82+1 -> 74 | C83: 2021 | D83: 7 | E83: 도심지 터널 근접시공에 의한 기존 지하철 구조물 안정성 평가 | F83: Stability evaluation of existing subway structure by adjacent excavation in urban tunnelling | G83: 한국터널지하공간학회 논문집 | H83: Journal of Korean Tunnelling and Underground Space Association | I83: =INDEX(학술지정보!$C$9:$O$50,MATCH($H83,학술지정보!$C$9:$C$50,0),2) -> 비SCI | J83: {=INDEX(학술지정보!$C$9:$O$50,MATCH($H83,학술지정보!$C$9:$C$50,0),3)} -> 2233-8292 | K83: {=IF(INDEX(학술지정보!$C$9:$O$50,MATCH($H83,학술지정보!$C$9:$C$50,0),5)=0,"",INDEX(학술지정보!$C$9:$O$50,MATCH($H83,학술지정보!$C$9:$C$50,0),5))} -> 2287-4747
B84: =B83+1 -> 75 | C84: 2021 | D84: 8 | F84: Investigation of effect of input ground motion on the failure surface of mountain slopes | G84: 한국지반환경공학회 논문집 | H84: Journal of the Korean Geoenvironmental Society | I84: =INDEX(학술지정보!$C$9:$O$50,MATCH($H84,학술지정보!$C$9:$C$50,0),2) -> 비SCI | J84: {=INDEX(학술지정보!$C$9:$O$50,MATCH($H84,학술지정보!$C$9:$C$50,0),3)} -> 1598-0820 | K84: {=IF(INDEX(학술지정보!$C$9:$O$50,MATCH($H84,학술지정보!$C$9:$C$50,0),5)=0,"",INDEX(학술지정보!$C$9:$O$50,MATCH($H84,학술지정보!$C$9:$C$50,0),5))}
B85: =B84+1 -> 76 | C85: 2022 | D85: 1 | E85: 댐체 강화 RIM부 그라우팅을 위한 지반상태 기준 결정 | F85: Determining of Ground Condition Criteria for Dam Reinforced RIM Grouting | G85: 대한토목학회 | H85: KSCE Journal of Civil Engineering | I85: =INDEX(학술지정보!$C$9:$O$50,MATCH($H85,학술지정보!$C$9:$C$50,0),2) -> SCI(E) | J85: {=INDEX(학술지정보!$C$9:$O$50,MATCH($H85,학술지정보!$C$9:$C$50,0),3)} -> 1226-7988 | K85: {=IF(INDEX(학술지정보!$C$9:$O$50,MATCH($H85,학술지정보!$C$9:$C$50,0),5)=0,"",INDEX(학술지정보!$C$9:$O$50,MATCH($H85,학술지정보!$C$9:$C$50,0),5))} -> 1976-3808
B86: =B85+1 -> 77 | C86: 2023 | D86: 1 | F86: Development of Modified Flexibility Ratio-Racking Ratio Relationship of Box Tunnels Subjected to Earthquake Loading Considering Rocking | G86: 한국지반환경공학회 논문집 | H86: Journal of the Korean Geoenvironmental Society | I86: =INDEX(학술지정보!$C$9:$O$50,MATCH($H86,학술지정보!$C$9:$C$50,0),2) -> 비SCI | J86: {=INDEX(학술지정보!$C$9:$O$50,MATCH($H86,학술지정보!$C$9:$C$50,0),3)} -> 1598-0820 | K86: {=IF(INDEX(학술지정보!$C$9:$O$50,MATCH($H86,학술지정보!$C$9:$C$50,0),5)=0,"",INDEX(학술지정보!$C$9:$O$50,MATCH($H86,학술지정보!$C$9:$C$50,0),5))}
B87: =B86+1 -> 78 | C87: 2023 | D87: 2 | E87: 개정된 내진설계기준에 기반한 기존 도로 터널의 내진 성능 평가 | F87: Seismic performance evaluation of existing road tunnels based on revised seismic design code | G87: 한국터널지하공간학회 논문집 | H87: Journal of Korean Tunnelling and Underground Space Association | I87: =INDEX(학술지정보!$C$9:$O$50,MATCH($H87,학술지정보!$C$9:$C$50,0),2) -> 비SCI | J87: {=INDEX(학술지정보!$C$9:$O$50,MATCH($H87,학술지정보!$C$9:$C$50,0),3)} -> 2233-8292 | K87: {=IF(INDEX(학술지정보!$C$9:$O$50,MATCH($H87,학술지정보!$C$9:$C$50,0),5)=0,"",INDEX(학술지정보!$C$9:$O$50,MATCH($H87,학술지정보!$C$9:$C$50,0),5))} -> 2287-4747
B88: =B87+1 -> 79 | C88: 2024 | D88: 1 | F88: Predicting Single-hole Blast-induced Fracture Zone Using Finite Element Analysis | G88: 한국지반환경공학회 논문집 | H88: Journal of the Korean Geoenvironmental Society | I88: =INDEX(학술지정보!$C$9:$O$50,MATCH($H88,학술지정보!$C$9:$C$50,0),2) -> 비SCI | J88: {=INDEX(학술지정보!$C$9:$O$50,MATCH($H88,학술지정보!$C$9:$C$50,0),3)} -> 1598-0820 | K88: {=IF(INDEX(학술지정보!$C$9:$O$50,MATCH($H88,학술지정보!$C$9:$C$50,0),5)=0,"",INDEX(학술지정보!$C$9:$O$50,MATCH($H88,학술지정보!$C$9:$C$50,0),5))}
B89: =B88+1 -> 80 | C89: 2024 | D89: 2 | E89: 동적 수치해석을 통한 베이스먼트의 지진토압에 대한 매개변수 연구 | F89: Parametric Study on Seismic Earth Pressure Through Dynamic Numerical Analyses of Basements | G89: 한국지반공학회 논문집 | H89: Journal of the Korean Geotechnical Society | I89: =INDEX(학술지정보!$C$9:$O$50,MATCH($H89,학술지정보!$C$9:$C$50,0),2) -> 비SCI | J89: {=INDEX(학술지정보!$C$9:$O$50,MATCH($H89,학술지정보!$C$9:$C$50,0),3)} -> 1229-2427 | K89: {=IF(INDEX(학술지정보!$C$9:$O$50,MATCH($H89,학술지정보!$C$9:$C$50,0),5)=0,"",INDEX(학술지정보!$C$9:$O$50,MATCH($H89,학술지정보!$C$9:$C$50,0),5))} -> 2288-646X

Sheet 국외학술발표 (2000~2024)
B2: 번호 | C2: 연도 | D2: 논문제목 | E2: 게재논문집명(영어)
B3: 1 | C3: 2000 | D3: Non-linear site response analysis for deep deposits in New Madrid Seismic Zone | E3: 4th International Conference on Recent Advances in Geotechnical Earthquake Engineering and Soil Dynamics
B4: =B3+1 -> 2 | C4: 2002 | D4: Seismic site response of deep soil deposits and relationship to response of longitudinal structures | E4: 4th US-Japan-China Symposium on Lifeline Earthquake Engineering
B5: =B4+1 -> 3 | C5: 2002 | D5: Site response analysis in the Mississippi Embayment | E5: US-Japan seminar on seismic disaster mitigation in urban area by geotechnical engineering
B6: =B5+1 -> 4 | C6: 2002 | D6: Site response analysis of deep deposits | E6: 7th National Conference on Earthquake Engineering
B7: =B6+1 -> 5 | C7: 2004 | D7: Probabilistic seismic hazard analysis with nonlinear site effects in the Mississippi Embayment | E7: 13th World Conference on Earthquake Engineering, Vancouver
B8: =B7+1 -> 6 | C8: 2004 | D8: Nonlinear seismic site response of deep deposits in West Tennessee | E8: 4th Seismic Conference and Workshop on Bridges and Highways
B9: =B8+1 -> 7 | C9: 2004 | D9: Estimation of small damping properties in the Mississippi Embayment | E9: 11th International Conference on Soil Dynamics & Earthquake Engineering & 3rd International Conference on Earthquake Geotechnical Engineering, Berkeley, CA
B10: =B9+1 -> 8 | C10: 2007 | D10: Nonlinear site response analysis in deep soft clay deposits in Korea | E10: 13th Asian Regional Conference on Soil Mechanics and Geotechnical Engineering, Kolkata, India
B11: =B10+1 -> 9 | C11: 2007 | D11: Generation of spatially variable ground motions for seismic analysis of undersea tunnel | E11: Chinese Journal of Rock Mechanics and Engineering
B12: =B11+1 -> 10 | C12: 2007 | D12: Generation of spatially variable ground motions for seismic analysis of undersea tunnel | E12: 13th World Conference on Earthquake Engineering, Vancouver
B13: =B12+1 -> 11 | C13: 2007 | D13: Development of a New Equivalent Linear Algorithm with Rate Dependent Soil Model | E13: 17th International Offshore and Polar Engineering Conference, Lisbon
B14: =B13+1 -> 12 | C14: 2007 | D14: Seismic Site Effects for Weak Deposits in Korea | E14: 17th International Offshore and Polar Engineering Conference, Lisbon
B15: =B14+1 -> 13 | C15: 2007 | D15: Development of Representative Ground Motions for Seismic Analysis of Nuclear Plants in Korea | E15: 19th International Conference on Structural Mechanics in Reactor Technology, Toronto, Ontario, Canada
... B52: =B51+1 -> 50 | C52: 2024 | D52: Machine learning based site amplification prediction models for shallow bedrock sites | E52: The 8th International Conference on Earthquake Geotechnical Engineering, Osaka, Japan
